from_postcode,driving_duration,driving_distance,transit_time,transit_distance,walking_time,walking_distance
RH1 1AW,59 mins,72.4 km,1 hour 31 mins,78.3 km,14 hours 21 mins,69.5 km
RH1 1FA,59 mins,72.4 km,1 hour 31 mins,78.3 km,14 hours 21 mins,69.5 km
RH1 1FF,59 mins,72.4 km,1 hour 31 mins,78.3 km,14 hours 21 mins,69.5 km
RH1 1FJ,59 mins,72.4 km,1 hour 31 mins,78.3 km,14 hours 21 mins,69.5 km
RH1 1FL,59 mins,72.4 km,1 hour 31 mins,78.3 km,14 hours 21 mins,69.5 km
RH1 1FP,59 mins,72.4 km,1 hour 31 mins,78.3 km,14 hours 21 mins,69.5 km
RH1 1FR,59 mins,72.4 km,1 hour 31 mins,78.3 km,14 hours 21 mins,69.5 km
RH1 1FS,59 mins,72.4 km,1 hour 31 mins,78.3 km,14 hours 21 mins,69.5 km
RH1 1FT,59 mins,72.4 km,1 hour 31 mins,78.3 km,14 hours 21 mins,69.5 km
RH1 1FW,59 mins,72.4 km,1 hour 31 mins,78.3 km,14 hours 21 mins,69.5 km
RH1 1FX,59 mins,72.4 km,1 hour 31 mins,78.3 km,14 hours 21 mins,69.5 km
RH1 1FY,59 mins,72.4 km,1 hour 31 mins,78.3 km,14 hours 21 mins,69.5 km
RH1 1FZ,59 mins,72.4 km,1 hour 31 mins,78.3 km,14 hours 21 mins,69.5 km
RH1 1GA,59 mins,72.4 km,1 hour 31 mins,78.3 km,14 hours 21 mins,69.5 km
RH1 1GB,59 mins,72.4 km,1 hour 31 mins,78.3 km,14 hours 21 mins,69.5 km
RH1 1GD,59 mins,72.4 km,1 hour 31 mins,78.3 km,14 hours 21 mins,69.5 km
RH1 1GF,59 mins,72.4 km,1 hour 31 mins,78.3 km,14 hours 21 mins,69.5 km
RH1 1GG,59 mins,72.4 km,1 hour 31 mins,78.3 km,14 hours 21 mins,69.5 km
RH1 1GH,59 mins,72.4 km,1 hour 31 mins,78.3 km,14 hours 21 mins,69.5 km
RH1 1GL,59 mins,72.4 km,1 hour 31 mins,78.3 km,14 hours 21 mins,69.5 km
RH1 1GP,59 mins,72.4 km,1 hour 31 mins,78.3 km,14 hours 21 mins,69.5 km
RH1 1GS,59 mins,72.4 km,1 hour 31 mins,78.3 km,14 hours 21 mins,69.5 km
RH1 1GU,59 mins,72.4 km,1 hour 31 mins,78.3 km,14 hours 21 mins,69.5 km
RH1 1GW,59 mins,72.4 km,1 hour 31 mins,78.3 km,14 hours 21 mins,69.5 km
RH1 1GX,59 mins,72.4 km,1 hour 31 mins,78.3 km,14 hours 21 mins,69.5 km
RH1 1GY,59 mins,72.4 km,1 hour 31 mins,78.3 km,14 hours 21 mins,69.5 km
RH1 1LX,59 mins,72.4 km,1 hour 31 mins,78.3 km,14 hours 21 mins,69.5 km
RH1 1PY,59 mins,72.4 km,1 hour 31 mins,78.3 km,14 hours 21 mins,69.5 km
RH1 1TS,59 mins,72.4 km,1 hour 31 mins,78.3 km,14 hours 21 mins,69.5 km
RH1 1TT,59 mins,72.4 km,1 hour 31 mins,78.3 km,14 hours 21 mins,69.5 km
RH1 1UA,59 mins,72.4 km,1 hour 31 mins,78.3 km,14 hours 21 mins,69.5 km
RH1 1UB,59 mins,72.4 km,1 hour 31 mins,78.3 km,14 hours 21 mins,69.5 km
RH1 1UD,59 mins,72.4 km,1 hour 31 mins,78.3 km,14 hours 21 mins,69.5 km
RH1 1US,59 mins,72.4 km,1 hour 31 mins,78.3 km,14 hours 21 mins,69.5 km
RH1 1UT,59 mins,72.4 km,1 hour 31 mins,78.3 km,14 hours 21 mins,69.5 km
RH1 1UU,59 mins,72.4 km,1 hour 31 mins,78.3 km,14 hours 21 mins,69.5 km
RH1 1UW,59 mins,72.4 km,1 hour 31 mins,78.3 km,14 hours 21 mins,69.5 km
RH1 1UX,59 mins,72.4 km,1 hour 31 mins,78.3 km,14 hours 21 mins,69.5 km
RH1 1UY,59 mins,72.4 km,1 hour 31 mins,78.3 km,14 hours 21 mins,69.5 km
RH1 1UZ,59 mins,72.4 km,1 hour 31 mins,78.3 km,14 hours 21 mins,69.5 km
RH1 1WA,59 mins,72.4 km,1 hour 31 mins,78.3 km,14 hours 21 mins,69.5 km
RH1 1WB,59 mins,72.4 km,1 hour 31 mins,78.3 km,14 hours 21 mins,69.5 km
RH1 1WD,59 mins,72.4 km,1 hour 31 mins,78.3 km,14 hours 21 mins,69.5 km
RH1 1WE,59 mins,72.4 km,1 hour 31 mins,78.3 km,14 hours 21 mins,69.5 km
RH1 1WF,59 mins,72.4 km,1 hour 31 mins,78.3 km,14 hours 21 mins,69.5 km
RH1 1WG,59 mins,72.4 km,1 hour 31 mins,78.3 km,14 hours 21 mins,69.5 km
RH1 1WH,59 mins,72.4 km,1 hour 31 mins,78.3 km,14 hours 21 mins,69.5 km
RH1 1WJ,59 mins,72.4 km,1 hour 31 mins,78.3 km,14 hours 21 mins,69.5 km
RH1 1WL,59 mins,72.4 km,1 hour 31 mins,78.3 km,14 hours 21 mins,69.5 km
RH1 1WN,59 mins,72.4 km,1 hour 31 mins,78.3 km,14 hours 21 mins,69.5 km
RH1 1WP,59 mins,72.4 km,1 hour 31 mins,78.3 km,14 hours 21 mins,69.5 km
RH1 1WQ,59 mins,72.4 km,1 hour 31 mins,78.3 km,14 hours 21 mins,69.5 km
RH1 1WR,59 mins,72.4 km,1 hour 31 mins,78.3 km,14 hours 21 mins,69.5 km
RH1 1WT,59 mins,72.4 km,1 hour 31 mins,78.3 km,14 hours 21 mins,69.5 km
RH1 1WU,59 mins,72.4 km,1 hour 31 mins,78.3 km,14 hours 21 mins,69.5 km
RH1 1WW,59 mins,72.4 km,1 hour 31 mins,78.3 km,14 hours 21 mins,69.5 km
RH1 1WX,59 mins,72.4 km,1 hour 31 mins,78.3 km,14 hours 21 mins,69.5 km
RH1 1WY,59 mins,72.4 km,1 hour 31 mins,78.3 km,14 hours 21 mins,69.5 km
RH1 1WZ,59 mins,72.4 km,1 hour 31 mins,78.3 km,14 hours 21 mins,69.5 km
RH1 1XA,59 mins,72.4 km,1 hour 31 mins,78.3 km,14 hours 21 mins,69.5 km
RH1 1XB,59 mins,72.4 km,1 hour 31 mins,78.3 km,14 hours 21 mins,69.5 km
RH1 1XD,59 mins,72.4 km,1 hour 31 mins,78.3 km,14 hours 21 mins,69.5 km
RH1 1XE,59 mins,72.4 km,1 hour 31 mins,78.3 km,14 hours 21 mins,69.5 km
RH1 1XF,59 mins,72.4 km,1 hour 31 mins,78.3 km,14 hours 21 mins,69.5 km
RH1 1XG,59 mins,72.4 km,1 hour 31 mins,78.3 km,14 hours 21 mins,69.5 km
RH1 1XH,59 mins,72.4 km,1 hour 31 mins,78.3 km,14 hours 21 mins,69.5 km
RH1 1XJ,59 mins,72.4 km,1 hour 31 mins,78.3 km,14 hours 21 mins,69.5 km
RH1 1XL,59 mins,72.4 km,1 hour 31 mins,78.3 km,14 hours 21 mins,69.5 km
RH1 1XN,59 mins,72.4 km,1 hour 31 mins,78.3 km,14 hours 21 mins,69.5 km
RH1 1XP,59 mins,72.4 km,1 hour 31 mins,78.3 km,14 hours 21 mins,69.5 km
RH1 1XQ,59 mins,72.4 km,1 hour 31 mins,78.3 km,14 hours 21 mins,69.5 km
RH1 1XR,59 mins,72.4 km,1 hour 31 mins,78.3 km,14 hours 21 mins,69.5 km
RH1 1XS,59 mins,72.4 km,1 hour 31 mins,78.3 km,14 hours 21 mins,69.5 km
RH1 1XU,59 mins,72.4 km,1 hour 31 mins,78.3 km,14 hours 21 mins,69.5 km
RH1 1YD,59 mins,72.4 km,1 hour 31 mins,78.3 km,14 hours 21 mins,69.5 km
RH1 1YE,59 mins,72.4 km,1 hour 31 mins,78.3 km,14 hours 21 mins,69.5 km
RH1 1YF,59 mins,72.4 km,1 hour 31 mins,78.3 km,14 hours 21 mins,69.5 km
RH1 1YG,59 mins,72.4 km,1 hour 31 mins,78.3 km,14 hours 21 mins,69.5 km
RH1 1YH,59 mins,72.4 km,1 hour 31 mins,78.3 km,14 hours 21 mins,69.5 km
RH1 1YJ,59 mins,72.4 km,1 hour 31 mins,78.3 km,14 hours 21 mins,69.5 km
RH1 1YL,59 mins,72.4 km,1 hour 31 mins,78.3 km,14 hours 21 mins,69.5 km
RH1 1YP,59 mins,72.4 km,1 hour 31 mins,78.3 km,14 hours 21 mins,69.5 km
RH1 1YQ,59 mins,72.4 km,1 hour 31 mins,78.3 km,14 hours 21 mins,69.5 km
RH1 1YR,59 mins,72.4 km,1 hour 31 mins,78.3 km,14 hours 21 mins,69.5 km
RH1 1YS,59 mins,72.4 km,1 hour 31 mins,78.3 km,14 hours 21 mins,69.5 km
RH1 1YT,59 mins,72.4 km,1 hour 31 mins,78.3 km,14 hours 21 mins,69.5 km
RH1 1YU,59 mins,72.4 km,1 hour 31 mins,78.3 km,14 hours 21 mins,69.5 km
RH1 1YW,59 mins,72.4 km,1 hour 31 mins,78.3 km,14 hours 21 mins,69.5 km
RH1 1YX,59 mins,72.4 km,1 hour 31 mins,78.3 km,14 hours 21 mins,69.5 km
RH1 2FD,59 mins,72.4 km,1 hour 31 mins,78.3 km,14 hours 21 mins,69.5 km
RH1 2FX,59 mins,72.4 km,1 hour 31 mins,78.3 km,14 hours 21 mins,69.5 km
RH1 2GX,59 mins,72.4 km,1 hour 31 mins,78.3 km,14 hours 21 mins,69.5 km
RH1 2PL,59 mins,72.4 km,1 hour 31 mins,78.3 km,14 hours 21 mins,69.5 km
RH1 2PY,59 mins,72.4 km,1 hour 31 mins,78.3 km,14 hours 21 mins,69.5 km
RH1 2WB,59 mins,72.4 km,1 hour 31 mins,78.3 km,14 hours 21 mins,69.5 km
RH1 2WD,59 mins,72.4 km,1 hour 31 mins,78.3 km,14 hours 21 mins,69.5 km
RH1 2WE,59 mins,72.4 km,1 hour 31 mins,78.3 km,14 hours 21 mins,69.5 km
RH1 2WF,59 mins,72.4 km,1 hour 31 mins,78.3 km,14 hours 21 mins,69.5 km
RH1 2WG,59 mins,72.4 km,1 hour 31 mins,78.3 km,14 hours 21 mins,69.5 km
RH1 2WH,59 mins,72.4 km,1 hour 31 mins,78.3 km,14 hours 21 mins,69.5 km
RH1 2WJ,59 mins,72.4 km,1 hour 31 mins,78.3 km,14 hours 21 mins,69.5 km
RH1 2WL,59 mins,72.4 km,1 hour 31 mins,78.3 km,14 hours 21 mins,69.5 km
RH1 2WT,59 mins,72.4 km,1 hour 31 mins,78.3 km,14 hours 21 mins,69.5 km
RH1 2WU,59 mins,72.4 km,1 hour 31 mins,78.3 km,14 hours 21 mins,69.5 km
RH1 2WW,59 mins,72.4 km,1 hour 31 mins,78.3 km,14 hours 21 mins,69.5 km
RH1 2WX,59 mins,72.4 km,1 hour 31 mins,78.3 km,14 hours 21 mins,69.5 km
RH1 2WY,59 mins,72.4 km,1 hour 31 mins,78.3 km,14 hours 21 mins,69.5 km
RH1 2WZ,59 mins,72.4 km,1 hour 31 mins,78.3 km,14 hours 21 mins,69.5 km
RH1 2YA,59 mins,72.4 km,1 hour 31 mins,78.3 km,14 hours 21 mins,69.5 km
RH1 2YB,59 mins,72.4 km,1 hour 31 mins,78.3 km,14 hours 21 mins,69.5 km
RH1 2YF,59 mins,72.4 km,1 hour 31 mins,78.3 km,14 hours 21 mins,69.5 km
RH1 2YG,59 mins,72.4 km,1 hour 31 mins,78.3 km,14 hours 21 mins,69.5 km
RH1 2YH,59 mins,72.4 km,1 hour 31 mins,78.3 km,14 hours 21 mins,69.5 km
RH1 2YJ,59 mins,72.4 km,1 hour 31 mins,78.3 km,14 hours 21 mins,69.5 km
RH1 2YN,59 mins,72.4 km,1 hour 31 mins,78.3 km,14 hours 21 mins,69.5 km
RH1 2YP,59 mins,72.4 km,1 hour 31 mins,78.3 km,14 hours 21 mins,69.5 km
RH1 2YS,59 mins,72.4 km,1 hour 31 mins,78.3 km,14 hours 21 mins,69.5 km
RH1 2YU,59 mins,72.4 km,1 hour 31 mins,78.3 km,14 hours 21 mins,69.5 km
RH1 2YW,59 mins,72.4 km,1 hour 31 mins,78.3 km,14 hours 21 mins,69.5 km
RH1 2YX,59 mins,72.4 km,1 hour 31 mins,78.3 km,14 hours 21 mins,69.5 km
RH1 2YY,59 mins,72.4 km,1 hour 31 mins,78.3 km,14 hours 21 mins,69.5 km
RH1 2YZ,59 mins,72.4 km,1 hour 31 mins,78.3 km,14 hours 21 mins,69.5 km
RH1 2ZF,59 mins,72.4 km,1 hour 31 mins,78.3 km,14 hours 21 mins,69.5 km
RH1 3AT,59 mins,72.4 km,1 hour 31 mins,78.3 km,14 hours 21 mins,69.5 km
RH1 3BQ,59 mins,72.4 km,1 hour 31 mins,78.3 km,14 hours 21 mins,69.5 km
RH1 3FA,59 mins,72.4 km,1 hour 31 mins,78.3 km,14 hours 21 mins,69.5 km
RH1 3FD,59 mins,72.4 km,1 hour 31 mins,78.3 km,14 hours 21 mins,69.5 km
RH1 3FF,59 mins,72.4 km,1 hour 31 mins,78.3 km,14 hours 21 mins,69.5 km
RH1 3FG,59 mins,72.4 km,1 hour 31 mins,78.3 km,14 hours 21 mins,69.5 km
RH1 3FH,59 mins,72.4 km,1 hour 31 mins,78.3 km,14 hours 21 mins,69.5 km
RH1 3FL,59 mins,72.4 km,1 hour 31 mins,78.3 km,14 hours 21 mins,69.5 km
RH1 3FP,59 mins,72.4 km,1 hour 31 mins,78.3 km,14 hours 21 mins,69.5 km
RH1 3FW,59 mins,72.4 km,1 hour 31 mins,78.3 km,14 hours 21 mins,69.5 km
RH1 3FX,59 mins,72.4 km,1 hour 31 mins,78.3 km,14 hours 21 mins,69.5 km
RH1 3HZ,59 mins,72.4 km,1 hour 31 mins,78.3 km,14 hours 21 mins,69.5 km
RH1 3UX,59 mins,72.4 km,1 hour 31 mins,78.3 km,14 hours 21 mins,69.5 km
RH1 3UY,59 mins,72.4 km,1 hour 31 mins,78.3 km,14 hours 21 mins,69.5 km
RH1 3WA,59 mins,72.4 km,1 hour 31 mins,78.3 km,14 hours 21 mins,69.5 km
RH1 3WB,59 mins,72.4 km,1 hour 31 mins,78.3 km,14 hours 21 mins,69.5 km
RH1 3WE,59 mins,72.4 km,1 hour 31 mins,78.3 km,14 hours 21 mins,69.5 km
RH1 3WF,59 mins,72.4 km,1 hour 31 mins,78.3 km,14 hours 21 mins,69.5 km
RH1 3WG,59 mins,72.4 km,1 hour 31 mins,78.3 km,14 hours 21 mins,69.5 km
RH1 3WH,59 mins,72.4 km,1 hour 31 mins,78.3 km,14 hours 21 mins,69.5 km
RH1 3WJ,59 mins,72.4 km,1 hour 31 mins,78.3 km,14 hours 21 mins,69.5 km
RH1 3WL,59 mins,72.4 km,1 hour 31 mins,78.3 km,14 hours 21 mins,69.5 km
RH1 3WN,59 mins,72.4 km,1 hour 31 mins,78.3 km,14 hours 21 mins,69.5 km
RH1 3WP,59 mins,72.4 km,1 hour 31 mins,78.3 km,14 hours 21 mins,69.5 km
RH1 3WQ,59 mins,72.4 km,1 hour 31 mins,78.3 km,14 hours 21 mins,69.5 km
RH1 3WR,59 mins,72.4 km,1 hour 31 mins,78.3 km,14 hours 21 mins,69.5 km
RH1 3WS,59 mins,72.4 km,1 hour 31 mins,78.3 km,14 hours 21 mins,69.5 km
RH1 3WT,59 mins,72.4 km,1 hour 31 mins,78.3 km,14 hours 21 mins,69.5 km
RH1 3WU,59 mins,72.4 km,1 hour 31 mins,78.3 km,14 hours 21 mins,69.5 km
RH1 3WW,59 mins,72.4 km,1 hour 31 mins,78.3 km,14 hours 21 mins,69.5 km
RH1 3WX,59 mins,72.4 km,1 hour 31 mins,78.3 km,14 hours 21 mins,69.5 km
RH1 3WY,59 mins,72.4 km,1 hour 31 mins,78.3 km,14 hours 21 mins,69.5 km
RH1 3WZ,59 mins,72.4 km,1 hour 31 mins,78.3 km,14 hours 21 mins,69.5 km
RH1 3XA,59 mins,72.4 km,1 hour 31 mins,78.3 km,14 hours 21 mins,69.5 km
RH1 3XB,59 mins,72.4 km,1 hour 31 mins,78.3 km,14 hours 21 mins,69.5 km
RH1 3XD,59 mins,72.4 km,1 hour 31 mins,78.3 km,14 hours 21 mins,69.5 km
RH1 3XF,59 mins,72.4 km,1 hour 31 mins,78.3 km,14 hours 21 mins,69.5 km
RH1 3XQ,59 mins,72.4 km,1 hour 31 mins,78.3 km,14 hours 21 mins,69.5 km
RH1 3XX,59 mins,72.4 km,1 hour 31 mins,78.3 km,14 hours 21 mins,69.5 km
RH1 3XZ,59 mins,72.4 km,1 hour 31 mins,78.3 km,14 hours 21 mins,69.5 km
RH1 3YB,59 mins,72.4 km,1 hour 31 mins,78.3 km,14 hours 21 mins,69.5 km
RH1 3YD,59 mins,72.4 km,1 hour 31 mins,78.3 km,14 hours 21 mins,69.5 km
RH1 3YE,59 mins,72.4 km,1 hour 31 mins,78.3 km,14 hours 21 mins,69.5 km
RH1 3YG,59 mins,72.4 km,1 hour 31 mins,78.3 km,14 hours 21 mins,69.5 km
RH1 3YH,59 mins,72.4 km,1 hour 31 mins,78.3 km,14 hours 21 mins,69.5 km
RH1 3YQ,59 mins,72.4 km,1 hour 31 mins,78.3 km,14 hours 21 mins,69.5 km
RH1 3YS,59 mins,72.4 km,1 hour 31 mins,78.3 km,14 hours 21 mins,69.5 km
RH1 3YT,59 mins,72.4 km,1 hour 31 mins,78.3 km,14 hours 21 mins,69.5 km
RH1 3YW,59 mins,72.4 km,1 hour 31 mins,78.3 km,14 hours 21 mins,69.5 km
RH1 3YX,59 mins,72.4 km,1 hour 31 mins,78.3 km,14 hours 21 mins,69.5 km
RH1 3YY,59 mins,72.4 km,1 hour 31 mins,78.3 km,14 hours 21 mins,69.5 km
RH1 3YZ,59 mins,72.4 km,1 hour 31 mins,78.3 km,14 hours 21 mins,69.5 km
RH1 4AB,59 mins,72.4 km,1 hour 31 mins,78.3 km,14 hours 21 mins,69.5 km
RH1 4DT,59 mins,72.4 km,1 hour 31 mins,78.3 km,14 hours 21 mins,69.5 km
RH1 4EX,59 mins,72.4 km,1 hour 31 mins,78.3 km,14 hours 21 mins,69.5 km
RH1 4FA,59 mins,72.4 km,1 hour 31 mins,78.3 km,14 hours 21 mins,69.5 km
RH1 4FD,59 mins,72.4 km,1 hour 31 mins,78.3 km,14 hours 21 mins,69.5 km
RH1 4FF,59 mins,72.4 km,1 hour 31 mins,78.3 km,14 hours 21 mins,69.5 km
RH1 4FG,59 mins,72.4 km,1 hour 31 mins,78.3 km,14 hours 21 mins,69.5 km
RH1 4FH,59 mins,72.4 km,1 hour 31 mins,78.3 km,14 hours 21 mins,69.5 km
RH1 4FJ,59 mins,72.4 km,1 hour 31 mins,78.3 km,14 hours 21 mins,69.5 km
RH1 4FL,59 mins,72.4 km,1 hour 31 mins,78.3 km,14 hours 21 mins,69.5 km
RH1 4FX,59 mins,72.4 km,1 hour 31 mins,78.3 km,14 hours 21 mins,69.5 km
RH1 4FY,59 mins,72.4 km,1 hour 31 mins,78.3 km,14 hours 21 mins,69.5 km
RH1 1AD,1 hour 1 min,72.7 km,1 hour 34 mins,78.6 km,14 hours 23 mins,69.8 km
RH1 1AN,1 hour 1 min,72.7 km,1 hour 34 mins,78.6 km,14 hours 23 mins,69.8 km
RH1 1AQ,1 hour 0 mins,72.7 km,1 hour 33 mins,78.5 km,14 hours 24 mins,69.8 km
RH1 1AT,1 hour 0 mins,72.7 km,1 hour 33 mins,78.5 km,14 hours 24 mins,69.8 km
RH1 1DS,57 mins,71.7 km,0,0,14 hours 6 mins,68.4 km
RH1 1BB,57 mins,71.7 km,1 hour 38 mins,78.9 km,14 hours 9 mins,68.6 km
RH1 1BL,57 mins,71.7 km,1 hour 38 mins,78.9 km,14 hours 9 mins,68.6 km
RH1 1HQ,57 mins,71.7 km,1 hour 38 mins,78.9 km,14 hours 9 mins,68.6 km
RH1 1YZ,57 mins,71.7 km,1 hour 38 mins,78.9 km,14 hours 9 mins,68.6 km
RH1 1BF,58 mins,71.9 km,1 hour 42 mins,76.8 km,14 hours 8 mins,68.6 km
RH1 1EP,57 mins,71.4 km,1 hour 38 mins,78.9 km,14 hours 10 mins,68.7 km
RH1 1DY,57 mins,71.5 km,1 hour 37 mins,78.8 km,14 hours 10 mins,68.7 km
RH1 1EF,57 mins,71.5 km,1 hour 37 mins,78.8 km,14 hours 10 mins,68.7 km
RH1 1EG,57 mins,71.5 km,1 hour 37 mins,78.8 km,14 hours 10 mins,68.7 km
RH1 1EH,57 mins,71.5 km,1 hour 37 mins,78.8 km,14 hours 10 mins,68.7 km
RH1 1EJ,57 mins,71.5 km,1 hour 37 mins,78.8 km,14 hours 10 mins,68.7 km
RH1 1EL,57 mins,71.5 km,1 hour 37 mins,78.8 km,14 hours 10 mins,68.7 km
RH1 1EQ,57 mins,71.5 km,1 hour 37 mins,78.8 km,14 hours 10 mins,68.7 km
RH1 1EW,57 mins,71.5 km,1 hour 37 mins,78.8 km,14 hours 10 mins,68.7 km
RH1 1DL,57 mins,71.9 km,1 hour 35 mins,78.6 km,14 hours 11 mins,68.8 km
RH1 1DN,57 mins,71.9 km,1 hour 35 mins,78.6 km,14 hours 11 mins,68.8 km
RH1 1ET,57 mins,71.9 km,1 hour 35 mins,78.6 km,14 hours 11 mins,68.8 km
RH1 1HA,57 mins,71.9 km,1 hour 35 mins,78.6 km,14 hours 11 mins,68.8 km
RH1 1PF,57 mins,71.9 km,1 hour 35 mins,78.6 km,14 hours 11 mins,68.8 km
RH1 1PJ,59 mins,72.8 km,1 hour 29 mins,78.1 km,14 hours 19 mins,69.3 km
RH1 1SQ,59 mins,72.8 km,1 hour 29 mins,78.1 km,14 hours 19 mins,69.3 km
RH1 1UF,59 mins,72.8 km,1 hour 29 mins,78.1 km,14 hours 19 mins,69.3 km
RH1 1UG,59 mins,72.8 km,1 hour 29 mins,78.1 km,14 hours 19 mins,69.3 km
RH1 1AY,57 mins,71.6 km,1 hour 34 mins,78.5 km,14 hours 13 mins,68.9 km
RH1 1BH,57 mins,71.6 km,1 hour 34 mins,78.5 km,14 hours 13 mins,68.9 km
RH1 1BJ,57 mins,71.6 km,1 hour 34 mins,78.5 km,14 hours 13 mins,68.9 km
RH1 1BN,57 mins,71.6 km,1 hour 34 mins,78.5 km,14 hours 13 mins,68.9 km
RH1 1BP,57 mins,71.6 km,1 hour 34 mins,78.5 km,14 hours 13 mins,68.9 km
RH1 1BS,57 mins,71.6 km,1 hour 34 mins,78.5 km,14 hours 13 mins,68.9 km
RH1 1BU,57 mins,71.6 km,1 hour 34 mins,78.5 km,14 hours 13 mins,68.9 km
RH1 1BW,57 mins,71.6 km,1 hour 34 mins,78.5 km,14 hours 13 mins,68.9 km
RH1 1BX,57 mins,71.6 km,1 hour 34 mins,78.5 km,14 hours 13 mins,68.9 km
RH1 1BY,57 mins,71.6 km,1 hour 34 mins,78.5 km,14 hours 13 mins,68.9 km
RH1 1BZ,57 mins,71.6 km,1 hour 34 mins,78.5 km,14 hours 13 mins,68.9 km
RH1 1DA,57 mins,71.6 km,1 hour 34 mins,78.5 km,14 hours 13 mins,68.9 km
RH1 1DB,57 mins,71.6 km,1 hour 34 mins,78.5 km,14 hours 13 mins,68.9 km
RH1 1DD,57 mins,71.6 km,1 hour 34 mins,78.5 km,14 hours 13 mins,68.9 km
RH1 1DE,57 mins,71.6 km,1 hour 34 mins,78.5 km,14 hours 13 mins,68.9 km
RH1 1DF,57 mins,71.6 km,1 hour 34 mins,78.5 km,14 hours 13 mins,68.9 km
RH1 1DG,57 mins,71.6 km,1 hour 34 mins,78.5 km,14 hours 13 mins,68.9 km
RH1 1DH,57 mins,71.6 km,1 hour 34 mins,78.5 km,14 hours 13 mins,68.9 km
RH1 1DQ,57 mins,71.6 km,1 hour 34 mins,78.5 km,14 hours 13 mins,68.9 km
RH1 1EE,57 mins,71.6 km,1 hour 34 mins,78.5 km,14 hours 13 mins,68.9 km
RH1 1FD,57 mins,71.6 km,1 hour 34 mins,78.5 km,14 hours 13 mins,68.9 km
RH1 1FH,57 mins,71.6 km,1 hour 34 mins,78.5 km,14 hours 13 mins,68.9 km
RH1 1GE,57 mins,71.6 km,1 hour 34 mins,78.5 km,14 hours 13 mins,68.9 km
RH1 1GN,57 mins,71.6 km,1 hour 34 mins,78.5 km,14 hours 13 mins,68.9 km
RH1 1NQ,57 mins,71.6 km,1 hour 34 mins,78.5 km,14 hours 13 mins,68.9 km
RH1 1QZ,57 mins,71.6 km,1 hour 34 mins,78.5 km,14 hours 13 mins,68.9 km
RH1 1YY,57 mins,71.6 km,1 hour 34 mins,78.5 km,14 hours 13 mins,68.9 km
RH1 1JP,57 mins,71.5 km,0,0,14 hours 11 mins,68.8 km
RH1 1SS,57 mins,71.5 km,0,0,14 hours 11 mins,68.8 km
RH1 1HH,59 mins,72.5 km,1 hour 34 mins,78.5 km,14 hours 16 mins,69.2 km
RH1 1HN,59 mins,72.5 km,1 hour 34 mins,78.5 km,14 hours 16 mins,69.2 km
RH1 1HP,59 mins,72.5 km,1 hour 34 mins,78.5 km,14 hours 16 mins,69.2 km
RH1 1HR,59 mins,72.5 km,1 hour 34 mins,78.5 km,14 hours 16 mins,69.2 km
RH1 1HS,59 mins,72.5 km,1 hour 34 mins,78.5 km,14 hours 16 mins,69.2 km
RH1 1HW,59 mins,72.5 km,1 hour 34 mins,78.5 km,14 hours 16 mins,69.2 km
RH1 1LA,59 mins,72.5 km,1 hour 34 mins,78.5 km,14 hours 16 mins,69.2 km
RH1 1HT,1 hour 0 mins,72.5 km,1 hour 35 mins,78.6 km,14 hours 17 mins,69.2 km
RH1 1HU,58 mins,71.9 km,1 hour 36 mins,78.7 km,14 hours 12 mins,68.8 km
RH1 1HX,58 mins,71.9 km,1 hour 36 mins,78.7 km,14 hours 12 mins,68.8 km
RH1 1HZ,58 mins,71.9 km,1 hour 36 mins,78.7 km,14 hours 12 mins,68.8 km
RH1 1JA,58 mins,71.9 km,1 hour 36 mins,78.7 km,14 hours 12 mins,68.8 km
RH1 1JB,58 mins,71.9 km,1 hour 36 mins,78.7 km,14 hours 12 mins,68.8 km
RH1 1PS,58 mins,71.9 km,1 hour 36 mins,78.7 km,14 hours 12 mins,68.8 km
RH1 1BA,57 mins,71.8 km,1 hour 36 mins,78.7 km,14 hours 9 mins,68.7 km
RH1 1DW,57 mins,71.8 km,1 hour 36 mins,78.7 km,14 hours 9 mins,68.7 km
RH1 1EB,57 mins,71.8 km,1 hour 36 mins,78.7 km,14 hours 9 mins,68.7 km
RH1 1HB,57 mins,71.8 km,1 hour 36 mins,78.7 km,14 hours 9 mins,68.7 km
RH1 1HE,57 mins,71.8 km,1 hour 36 mins,78.7 km,14 hours 9 mins,68.7 km
RH1 1HF,57 mins,71.8 km,1 hour 36 mins,78.7 km,14 hours 9 mins,68.7 km
RH1 1JS,59 mins,72.3 km,1 hour 37 mins,78.7 km,14 hours 19 mins,69.4 km
RH1 1LF,58 mins,72.2 km,1 hour 35 mins,78.6 km,14 hours 20 mins,69.5 km
RH1 1PU,58 mins,72.2 km,1 hour 35 mins,78.6 km,14 hours 20 mins,69.5 km
RH1 1JU,59 mins,72.5 km,1 hour 31 mins,78.3 km,14 hours 18 mins,69.3 km
RH1 1JZ,59 mins,72.5 km,1 hour 31 mins,78.3 km,14 hours 18 mins,69.3 km
RH1 1LD,58 mins,72.3 km,1 hour 33 mins,78.5 km,14 hours 20 mins,69.5 km
RH1 1LE,58 mins,72.3 km,1 hour 33 mins,78.5 km,14 hours 20 mins,69.5 km
RH1 1LJ,58 mins,72.0 km,1 hour 38 mins,78.9 km,14 hours 17 mins,69.3 km
RH1 2JF,58 mins,72.3 km,1 hour 35 mins,78.6 km,14 hours 18 mins,69.3 km
RH1 1LQ,58 mins,72.3 km,1 hour 36 mins,78.7 km,14 hours 18 mins,69.4 km
RH1 1LR,58 mins,72.3 km,1 hour 36 mins,78.7 km,14 hours 18 mins,69.4 km
RH1 1LW,58 mins,72.3 km,1 hour 36 mins,78.7 km,14 hours 18 mins,69.4 km
RH1 1YA,58 mins,72.3 km,1 hour 36 mins,78.7 km,14 hours 18 mins,69.4 km
RH1 1YN,58 mins,72.3 km,1 hour 36 mins,78.7 km,14 hours 18 mins,69.4 km
RH1 1NP,57 mins,71.9 km,1 hour 31 mins,78.3 km,14 hours 16 mins,69.1 km
RH1 1QG,57 mins,71.9 km,1 hour 31 mins,78.3 km,14 hours 16 mins,69.1 km
RH1 1SR,57 mins,71.9 km,1 hour 31 mins,78.3 km,14 hours 16 mins,69.1 km
RH1 1UP,57 mins,71.9 km,1 hour 31 mins,78.3 km,14 hours 16 mins,69.1 km
RH1 1UR,57 mins,71.9 km,1 hour 31 mins,78.3 km,14 hours 16 mins,69.1 km
RH1 1FE,1 hour 0 mins,72.2 km,1 hour 30 mins,78.1 km,14 hours 18 mins,69.4 km
RH1 1FN,1 hour 0 mins,72.2 km,1 hour 30 mins,78.1 km,14 hours 18 mins,69.4 km
RH1 1NW,1 hour 0 mins,72.2 km,1 hour 30 mins,78.1 km,14 hours 18 mins,69.4 km
RH1 1QA,1 hour 0 mins,72.2 km,1 hour 30 mins,78.1 km,14 hours 18 mins,69.4 km
RH1 1SG,59 mins,72.4 km,1 hour 32 mins,78.3 km,14 hours 17 mins,69.3 km
RH1 1SH,59 mins,72.4 km,1 hour 32 mins,78.3 km,14 hours 17 mins,69.3 km
RH1 1SL,59 mins,72.4 km,1 hour 32 mins,78.3 km,14 hours 17 mins,69.3 km
RH1 1AB,59 mins,72.4 km,1 hour 31 mins,78.3 km,14 hours 15 mins,69.1 km
RH1 1BQ,59 mins,72.4 km,1 hour 31 mins,78.3 km,14 hours 15 mins,69.1 km
RH1 1FB,59 mins,72.4 km,1 hour 31 mins,78.3 km,14 hours 15 mins,69.1 km
RH1 1GR,59 mins,72.4 km,1 hour 31 mins,78.3 km,14 hours 15 mins,69.1 km
RH1 1GT,59 mins,72.4 km,1 hour 31 mins,78.3 km,14 hours 15 mins,69.1 km
RH1 1LY,59 mins,72.4 km,1 hour 31 mins,78.3 km,14 hours 15 mins,69.1 km
RH1 1NB,59 mins,72.4 km,1 hour 31 mins,78.3 km,14 hours 15 mins,69.1 km
RH1 1ND,59 mins,72.4 km,1 hour 31 mins,78.3 km,14 hours 15 mins,69.1 km
RH1 1NE,59 mins,72.4 km,1 hour 31 mins,78.3 km,14 hours 15 mins,69.1 km
RH1 1NF,59 mins,72.4 km,1 hour 31 mins,78.3 km,14 hours 15 mins,69.1 km
RH1 1NG,59 mins,72.4 km,1 hour 31 mins,78.3 km,14 hours 15 mins,69.1 km
RH1 1NH,59 mins,72.4 km,1 hour 31 mins,78.3 km,14 hours 15 mins,69.1 km
RH1 1NN,59 mins,72.4 km,1 hour 31 mins,78.3 km,14 hours 15 mins,69.1 km
RH1 1NS,59 mins,72.4 km,1 hour 31 mins,78.3 km,14 hours 15 mins,69.1 km
RH1 1NT,59 mins,72.4 km,1 hour 31 mins,78.3 km,14 hours 15 mins,69.1 km
RH1 1NU,59 mins,72.4 km,1 hour 31 mins,78.3 km,14 hours 15 mins,69.1 km
RH1 1NZ,59 mins,72.4 km,1 hour 31 mins,78.3 km,14 hours 15 mins,69.1 km
RH1 1PA,59 mins,72.4 km,1 hour 31 mins,78.3 km,14 hours 15 mins,69.1 km
RH1 1PB,59 mins,72.4 km,1 hour 31 mins,78.3 km,14 hours 15 mins,69.1 km
RH1 1PD,59 mins,72.4 km,1 hour 31 mins,78.3 km,14 hours 15 mins,69.1 km
RH1 1PE,59 mins,72.4 km,1 hour 31 mins,78.3 km,14 hours 15 mins,69.1 km
RH1 1PG,59 mins,72.4 km,1 hour 31 mins,78.3 km,14 hours 15 mins,69.1 km
RH1 1PL,59 mins,72.4 km,1 hour 31 mins,78.3 km,14 hours 15 mins,69.1 km
RH1 1PN,59 mins,72.4 km,1 hour 31 mins,78.3 km,14 hours 15 mins,69.1 km
RH1 1PQ,59 mins,72.4 km,1 hour 31 mins,78.3 km,14 hours 15 mins,69.1 km
RH1 1PW,59 mins,72.4 km,1 hour 31 mins,78.3 km,14 hours 15 mins,69.1 km
RH1 1PZ,59 mins,72.4 km,1 hour 31 mins,78.3 km,14 hours 15 mins,69.1 km
RH1 1QD,59 mins,72.4 km,1 hour 31 mins,78.3 km,14 hours 15 mins,69.1 km
RH1 1QH,59 mins,72.4 km,1 hour 31 mins,78.3 km,14 hours 15 mins,69.1 km
RH1 1QN,59 mins,72.4 km,1 hour 31 mins,78.3 km,14 hours 15 mins,69.1 km
RH1 1QP,59 mins,72.4 km,1 hour 31 mins,78.3 km,14 hours 15 mins,69.1 km
RH1 1QQ,59 mins,72.4 km,1 hour 31 mins,78.3 km,14 hours 15 mins,69.1 km
RH1 1QR,59 mins,72.4 km,1 hour 31 mins,78.3 km,14 hours 15 mins,69.1 km
RH1 1QS,59 mins,72.4 km,1 hour 31 mins,78.3 km,14 hours 15 mins,69.1 km
RH1 1QT,59 mins,72.4 km,1 hour 31 mins,78.3 km,14 hours 15 mins,69.1 km
RH1 1QW,59 mins,72.4 km,1 hour 31 mins,78.3 km,14 hours 15 mins,69.1 km
RH1 1QX,59 mins,72.4 km,1 hour 31 mins,78.3 km,14 hours 15 mins,69.1 km
RH1 1QY,59 mins,72.4 km,1 hour 31 mins,78.3 km,14 hours 15 mins,69.1 km
RH1 1RD,59 mins,72.4 km,1 hour 31 mins,78.3 km,14 hours 15 mins,69.1 km
RH1 1RE,59 mins,72.4 km,1 hour 31 mins,78.3 km,14 hours 15 mins,69.1 km
RH1 1RF,59 mins,72.4 km,1 hour 31 mins,78.3 km,14 hours 15 mins,69.1 km
RH1 1RG,59 mins,72.4 km,1 hour 31 mins,78.3 km,14 hours 15 mins,69.1 km
RH1 1RH,59 mins,72.4 km,1 hour 31 mins,78.3 km,14 hours 15 mins,69.1 km
RH1 1RJ,59 mins,72.4 km,1 hour 31 mins,78.3 km,14 hours 15 mins,69.1 km
RH1 1RL,59 mins,72.4 km,1 hour 31 mins,78.3 km,14 hours 15 mins,69.1 km
RH1 1RN,59 mins,72.4 km,1 hour 31 mins,78.3 km,14 hours 15 mins,69.1 km
RH1 1RP,59 mins,72.4 km,1 hour 31 mins,78.3 km,14 hours 15 mins,69.1 km
RH1 1RQ,59 mins,72.4 km,1 hour 31 mins,78.3 km,14 hours 15 mins,69.1 km
RH1 1RS,59 mins,72.4 km,1 hour 31 mins,78.3 km,14 hours 15 mins,69.1 km
RH1 1RT,59 mins,72.4 km,1 hour 31 mins,78.3 km,14 hours 15 mins,69.1 km
RH1 1RU,59 mins,72.4 km,1 hour 31 mins,78.3 km,14 hours 15 mins,69.1 km
RH1 1RW,59 mins,72.4 km,1 hour 31 mins,78.3 km,14 hours 15 mins,69.1 km
RH1 1RX,59 mins,72.4 km,1 hour 31 mins,78.3 km,14 hours 15 mins,69.1 km
RH1 1SA,59 mins,72.4 km,1 hour 31 mins,78.3 km,14 hours 15 mins,69.1 km
RH1 1SE,59 mins,72.4 km,1 hour 31 mins,78.3 km,14 hours 15 mins,69.1 km
RH1 1SF,59 mins,72.4 km,1 hour 31 mins,78.3 km,14 hours 15 mins,69.1 km
RH1 1SN,59 mins,72.4 km,1 hour 31 mins,78.3 km,14 hours 15 mins,69.1 km
RH1 1SP,59 mins,72.4 km,1 hour 31 mins,78.3 km,14 hours 15 mins,69.1 km
RH1 1ST,59 mins,72.4 km,1 hour 31 mins,78.3 km,14 hours 15 mins,69.1 km
RH1 1SU,59 mins,72.4 km,1 hour 31 mins,78.3 km,14 hours 15 mins,69.1 km
RH1 1SW,59 mins,72.4 km,1 hour 31 mins,78.3 km,14 hours 15 mins,69.1 km
RH1 1TX,59 mins,72.4 km,1 hour 31 mins,78.3 km,14 hours 15 mins,69.1 km
RH1 1TY,59 mins,72.4 km,1 hour 31 mins,78.3 km,14 hours 15 mins,69.1 km
RH1 1TZ,59 mins,72.4 km,1 hour 31 mins,78.3 km,14 hours 15 mins,69.1 km
RH1 1UE,59 mins,72.4 km,1 hour 31 mins,78.3 km,14 hours 15 mins,69.1 km
RH1 1YB,59 mins,72.4 km,1 hour 31 mins,78.3 km,14 hours 15 mins,69.1 km
RH1 1ZS,59 mins,72.4 km,1 hour 31 mins,78.3 km,14 hours 15 mins,69.1 km
RH1 1EY,58 mins,72.1 km,1 hour 33 mins,78.4 km,14 hours 13 mins,68.9 km
RH1 1PX,58 mins,72.1 km,1 hour 33 mins,78.4 km,14 hours 13 mins,68.9 km
RH1 1QU,58 mins,72.1 km,1 hour 33 mins,78.4 km,14 hours 13 mins,68.9 km
RH1 4AA,1 hour 0 mins,72.5 km,1 hour 32 mins,78.3 km,14 hours 22 mins,69.6 km
RH1 1QL,58 mins,71.8 km,1 hour 33 mins,78.4 km,14 hours 14 mins,69.1 km
RH1 1DT,58 mins,72.0 km,1 hour 37 mins,78.8 km,14 hours 9 mins,68.6 km
RH1 1ES,58 mins,72.0 km,1 hour 37 mins,78.8 km,14 hours 9 mins,68.6 km
RH1 1FU,58 mins,71.9 km,1 hour 33 mins,78.4 km,14 hours 15 mins,69.1 km
RH1 1GJ,58 mins,71.9 km,1 hour 33 mins,78.4 km,14 hours 15 mins,69.1 km
RH1 1GQ,58 mins,71.9 km,1 hour 33 mins,78.4 km,14 hours 15 mins,69.1 km
RH1 1GZ,58 mins,71.9 km,1 hour 33 mins,78.4 km,14 hours 15 mins,69.1 km
RH1 1NJ,58 mins,71.9 km,1 hour 33 mins,78.4 km,14 hours 15 mins,69.1 km
RH1 1NR,58 mins,71.9 km,1 hour 33 mins,78.4 km,14 hours 15 mins,69.1 km
RH1 1QF,58 mins,71.9 km,1 hour 33 mins,78.4 km,14 hours 15 mins,69.1 km
RH1 1DZ,56 mins,71.4 km,1 hour 38 mins,78.9 km,14 hours 9 mins,68.6 km
RH1 1EA,56 mins,71.4 km,1 hour 38 mins,78.9 km,14 hours 9 mins,68.6 km
RH1 2JR,1 hour 1 min,73.1 km,1 hour 39 mins,78.9 km,14 hours 25 mins,69.9 km
RH1 1TQ,1 hour 2 mins,73.3 km,1 hour 41 mins,79.1 km,14 hours 27 mins,70.0 km
RH1 2AE,1 hour 1 min,73.9 km,2 hours 11 mins,79.4 km,14 hours 20 mins,69.5 km
RH1 2AP,57 mins,71.4 km,1 hour 38 mins,78.3 km,14 hours 9 mins,68.7 km
RH1 2AW,57 mins,71.4 km,1 hour 38 mins,78.1 km,14 hours 8 mins,68.6 km
RH1 2BP,57 mins,71.3 km,1 hour 37 mins,78.0 km,14 hours 7 mins,68.5 km
RH1 2BF,58 mins,71.9 km,1 hour 39 mins,78.4 km,14 hours 11 mins,68.8 km
RH1 2BD,57 mins,71.4 km,1 hour 41 mins,78.2 km,14 hours 9 mins,68.6 km
RH1 2BG,56 mins,71.2 km,1 hour 37 mins,78.0 km,14 hours 6 mins,68.5 km
RH1 2BJ,56 mins,71.2 km,1 hour 37 mins,78.0 km,14 hours 6 mins,68.5 km
RH1 2BT,57 mins,72.0 km,1 hour 38 mins,78.9 km,14 hours 15 mins,69.1 km
RH1 2BU,57 mins,72.0 km,1 hour 38 mins,78.9 km,14 hours 15 mins,69.1 km
RH1 2GB,57 mins,72.0 km,1 hour 38 mins,78.9 km,14 hours 15 mins,69.1 km
RH1 2DP,57 mins,71.3 km,1 hour 41 mins,78.1 km,14 hours 7 mins,68.5 km
RH1 2DB,56 mins,71.2 km,2 hours 15 mins,80.8 km,14 hours 2 mins,68.1 km
RH1 2DN,56 mins,71.2 km,2 hours 10 mins,79.2 km,14 hours 6 mins,68.4 km
RH1 2ER,58 mins,72.3 km,2 hours 11 mins,79.3 km,14 hours 16 mins,69.2 km
RH1 2GF,1 hour 1 min,73.9 km,2 hours 11 mins,79.6 km,14 hours 19 mins,69.4 km
RH1 2EN,57 mins,72.1 km,2 hours 12 mins,79.4 km,14 hours 14 mins,69.0 km
RH1 2FF,57 mins,72.1 km,2 hours 12 mins,79.4 km,14 hours 14 mins,69.0 km
RH1 2YD,57 mins,72.1 km,2 hours 12 mins,79.4 km,14 hours 14 mins,69.0 km
RH1 2YE,57 mins,72.1 km,2 hours 12 mins,79.4 km,14 hours 14 mins,69.0 km
RH1 2YL,57 mins,72.1 km,2 hours 12 mins,79.4 km,14 hours 14 mins,69.0 km
RH1 2YQ,57 mins,72.1 km,2 hours 12 mins,79.4 km,14 hours 14 mins,69.0 km
RH1 2YR,57 mins,72.1 km,2 hours 12 mins,79.4 km,14 hours 14 mins,69.0 km
RH1 2YT,57 mins,72.1 km,2 hours 12 mins,79.4 km,14 hours 14 mins,69.0 km
RH1 2FN,1 hour 0 mins,73.7 km,1 hour 39 mins,79.0 km,14 hours 21 mins,69.5 km
RH1 2FP,1 hour 0 mins,73.7 km,1 hour 39 mins,79.0 km,14 hours 21 mins,69.5 km
RH1 2FR,1 hour 0 mins,73.7 km,1 hour 39 mins,79.0 km,14 hours 21 mins,69.5 km
RH1 2FS,1 hour 0 mins,73.7 km,1 hour 39 mins,79.0 km,14 hours 21 mins,69.5 km
RH1 2HJ,1 hour 0 mins,73.7 km,1 hour 39 mins,79.0 km,14 hours 21 mins,69.5 km
RH1 2FW,59 mins,73.4 km,2 hours 24 mins,80.2 km,14 hours 26 mins,70.1 km
RH1 2FL,59 mins,73.4 km,2 hours 23 mins,80.1 km,14 hours 25 mins,70.0 km
RH1 2FZ,59 mins,73.4 km,2 hours 23 mins,80.1 km,14 hours 25 mins,70.0 km
RH1 2NX,59 mins,73.4 km,2 hours 23 mins,80.1 km,14 hours 25 mins,70.0 km
RH1 2GE,1 hour 0 mins,73.6 km,2 hours 15 mins,79.6 km,14 hours 27 mins,70.2 km
RH1 2NQ,1 hour 0 mins,73.6 km,2 hours 15 mins,79.6 km,14 hours 27 mins,70.2 km
RH1 2JS,58 mins,72.6 km,2 hours 11 mins,79.6 km,14 hours 19 mins,69.4 km
RH1 2LJ,59 mins,73.5 km,2 hours 23 mins,80.2 km,14 hours 26 mins,70.0 km
RH1 2HW,58 mins,72.3 km,2 hours 14 mins,79.6 km,14 hours 16 mins,69.1 km
RH1 2JQ,58 mins,72.3 km,2 hours 14 mins,79.6 km,14 hours 16 mins,69.1 km
RH1 2JP,57 mins,71.9 km,1 hour 37 mins,78.8 km,14 hours 16 mins,69.1 km
RH1 2HG,58 mins,72.0 km,1 hour 38 mins,78.8 km,14 hours 18 mins,69.3 km
RH1 2HY,1 hour 1 min,73.7 km,2 hours 11 mins,79.3 km,14 hours 22 mins,69.6 km
RH1 2LD,58 mins,72.8 km,2 hours 18 mins,80.1 km,14 hours 19 mins,69.5 km
RH1 2LB,58 mins,72.8 km,2 hours 14 mins,80.0 km,14 hours 18 mins,69.4 km
RH1 2NH,1 hour 0 mins,73.6 km,2 hours 21 mins,80.0 km,14 hours 23 mins,69.8 km
RH1 2JT,58 mins,72.6 km,2 hours 11 mins,79.6 km,14 hours 19 mins,69.4 km
RH1 2JY,58 mins,72.6 km,2 hours 11 mins,79.6 km,14 hours 19 mins,69.4 km
RH1 2LT,58 mins,72.9 km,2 hours 21 mins,80.3 km,14 hours 19 mins,69.5 km
RH1 2QA,58 mins,72.9 km,2 hours 21 mins,80.3 km,14 hours 19 mins,69.5 km
RH1 2HT,59 mins,73.4 km,2 hours 11 mins,79.3 km,14 hours 24 mins,69.8 km
RH1 2LZ,59 mins,73.4 km,2 hours 11 mins,79.3 km,14 hours 24 mins,69.8 km
RH1 2NE,1 hour 0 mins,74.7 km,1 hour 47 mins,80.5 km,14 hours 29 mins,70.3 km
RH1 2NW,1 hour 0 mins,73.5 km,2 hours 25 mins,80.3 km,14 hours 27 mins,70.1 km
RH1 2LS,58 mins,73.1 km,2 hours 17 mins,79.7 km,14 hours 22 mins,69.8 km
RH1 2LY,58 mins,73.1 km,2 hours 17 mins,79.7 km,14 hours 22 mins,69.8 km
RH1 2NL,58 mins,73.1 km,2 hours 17 mins,79.7 km,14 hours 22 mins,69.8 km
RH1 2NR,58 mins,73.1 km,2 hours 17 mins,79.7 km,14 hours 22 mins,69.8 km
RH1 2PP,58 mins,73.1 km,2 hours 17 mins,79.7 km,14 hours 22 mins,69.8 km
RH1 2PR,58 mins,73.1 km,2 hours 17 mins,79.7 km,14 hours 22 mins,69.8 km
RH1 2PX,58 mins,73.1 km,2 hours 17 mins,79.7 km,14 hours 22 mins,69.8 km
RH1 2PZ,58 mins,73.1 km,2 hours 17 mins,79.7 km,14 hours 22 mins,69.8 km
RH1 2NB,59 mins,73.4 km,2 hours 14 mins,79.5 km,14 hours 25 mins,70.0 km
RH1 2PJ,59 mins,73.4 km,2 hours 14 mins,79.5 km,14 hours 25 mins,70.0 km
RH1 2PS,59 mins,73.4 km,2 hours 14 mins,79.5 km,14 hours 25 mins,70.0 km
RH1 2NU,59 mins,73.3 km,2 hours 13 mins,79.4 km,14 hours 23 mins,69.9 km
RH1 2PH,59 mins,73.3 km,2 hours 13 mins,79.4 km,14 hours 23 mins,69.9 km
RH1 2PQ,1 hour 0 mins,73.6 km,2 hours 16 mins,79.6 km,14 hours 27 mins,70.2 km
RH1 2QF,58 mins,72.2 km,1 hour 39 mins,79.0 km,14 hours 20 mins,69.5 km
RH1 2WA,58 mins,72.9 km,2 hours 22 mins,80.3 km,14 hours 20 mins,69.6 km
RH1 3FB,58 mins,73.6 km,2 hours 22 mins,81.5 km,14 hours 30 mins,70.4 km
RH1 3FE,58 mins,73.6 km,2 hours 22 mins,81.5 km,14 hours 30 mins,70.4 km
RH1 3FJ,58 mins,73.6 km,2 hours 22 mins,81.5 km,14 hours 30 mins,70.4 km
RH1 3HU,58 mins,73.6 km,2 hours 22 mins,81.5 km,14 hours 30 mins,70.4 km
RH1 3SZ,58 mins,73.6 km,2 hours 22 mins,81.5 km,14 hours 30 mins,70.4 km
RH1 3YA,58 mins,73.6 km,2 hours 22 mins,81.5 km,14 hours 30 mins,70.4 km
RH1 3YF,58 mins,73.6 km,2 hours 22 mins,81.5 km,14 hours 30 mins,70.4 km
RH1 3YJ,58 mins,73.6 km,2 hours 22 mins,81.5 km,14 hours 30 mins,70.4 km
RH1 3YN,58 mins,73.6 km,2 hours 22 mins,81.5 km,14 hours 30 mins,70.4 km
RH1 3YR,58 mins,73.6 km,2 hours 22 mins,81.5 km,14 hours 30 mins,70.4 km
RH1 3BE,56 mins,72.6 km,2 hours 10 mins,104 km,14 hours 17 mins,69.4 km
RH1 3YU,56 mins,72.6 km,2 hours 10 mins,104 km,14 hours 17 mins,69.4 km
RH1 3DJ,56 mins,72.7 km,2 hours 8 mins,104 km,14 hours 18 mins,69.5 km
RH1 3ED,56 mins,72.7 km,2 hours 8 mins,104 km,14 hours 18 mins,69.5 km
RH1 3EE,56 mins,72.7 km,2 hours 8 mins,104 km,14 hours 18 mins,69.5 km
RH1 3FU,1 hour 0 mins,74.4 km,1 hour 57 mins,83.3 km,14 hours 38 mins,71.1 km
RH1 3TT,1 hour 0 mins,74.4 km,1 hour 57 mins,83.3 km,14 hours 38 mins,71.1 km
RH1 3UZ,1 hour 0 mins,74.4 km,1 hour 57 mins,83.3 km,14 hours 38 mins,71.1 km
RH1 3WD,1 hour 0 mins,74.4 km,1 hour 57 mins,83.3 km,14 hours 38 mins,71.1 km
RH1 3XY,1 hour 0 mins,74.4 km,1 hour 57 mins,83.3 km,14 hours 38 mins,71.1 km
RH1 3SL,57 mins,72.6 km,2 hours 15 mins,80.6 km,14 hours 16 mins,69.3 km
RH1 3EL,57 mins,73.2 km,2 hours 18 mins,81.6 km,14 hours 24 mins,70.0 km
RH1 3RA,58 mins,72.9 km,2 hours 8 mins,104 km,14 hours 20 mins,69.7 km
RH1 3EJ,58 mins,73.4 km,2 hours 19 mins,81.7 km,14 hours 24 mins,70.0 km
RH1 3EG,57 mins,73.0 km,2 hours 14 mins,81.3 km,14 hours 21 mins,69.7 km
RH1 3GF,57 mins,73.0 km,2 hours 14 mins,81.3 km,14 hours 21 mins,69.7 km
RH1 3EX,58 mins,73.0 km,2 hours 23 mins,81.0 km,14 hours 22 mins,69.7 km
RH1 3EZ,58 mins,73.0 km,2 hours 23 mins,81.0 km,14 hours 22 mins,69.7 km
RH1 3BF,59 mins,73.7 km,2 hours 23 mins,81.5 km,14 hours 29 mins,70.4 km
RH1 3FR,59 mins,73.7 km,2 hours 23 mins,81.5 km,14 hours 29 mins,70.4 km
RH1 3HX,59 mins,73.7 km,2 hours 23 mins,81.5 km,14 hours 29 mins,70.4 km
RH1 3GD,58 mins,73.6 km,2 hours 22 mins,81.5 km,14 hours 30 mins,70.5 km
RH1 3FZ,59 mins,73.9 km,2 hours 24 mins,81.6 km,14 hours 29 mins,70.4 km
RH1 3GB,59 mins,73.9 km,2 hours 24 mins,81.6 km,14 hours 29 mins,70.4 km
RH1 3HY,59 mins,73.9 km,2 hours 24 mins,81.6 km,14 hours 29 mins,70.4 km
RH1 3JA,59 mins,73.9 km,2 hours 24 mins,81.6 km,14 hours 29 mins,70.4 km
RH1 3JE,59 mins,73.9 km,2 hours 24 mins,81.6 km,14 hours 29 mins,70.4 km
RH1 3HH,59 mins,74.2 km,1 hour 48 mins,80.9 km,14 hours 26 mins,70.1 km
RH1 3PJ,57 mins,73.3 km,2 hours 21 mins,81.2 km,14 hours 26 mins,70.1 km
RH1 3QG,59 mins,74.2 km,1 hour 56 mins,83.3 km,14 hours 33 mins,70.7 km
RH1 3JG,59 mins,74.0 km,1 hour 55 mins,82.9 km,14 hours 30 mins,70.5 km
RH1 3JH,59 mins,74.0 km,1 hour 55 mins,82.9 km,14 hours 30 mins,70.5 km
RH1 3JN,59 mins,74.0 km,1 hour 55 mins,82.9 km,14 hours 30 mins,70.5 km
RH1 3QE,59 mins,74.0 km,1 hour 55 mins,82.9 km,14 hours 30 mins,70.5 km
RH1 3JZ,1 hour 0 mins,74.0 km,2 hours 22 mins,81.9 km,14 hours 27 mins,70.2 km
RH1 3LD,59 mins,72.8 km,2 hours 19 mins,80.8 km,14 hours 19 mins,69.5 km
RH1 3LE,59 mins,72.8 km,2 hours 19 mins,80.8 km,14 hours 19 mins,69.5 km
RH1 3LW,59 mins,73.8 km,2 hours 21 mins,81.0 km,14 hours 25 mins,69.9 km
RH1 3LY,57 mins,72.5 km,2 hours 14 mins,80.5 km,14 hours 15 mins,69.2 km
RH1 3LT,58 mins,73.4 km,2 hours 21 mins,81.2 km,14 hours 24 mins,69.9 km
RH1 3LU,58 mins,73.4 km,2 hours 21 mins,81.2 km,14 hours 24 mins,69.9 km
RH1 3NZ,1 hour 0 mins,74.8 km,1 hour 59 mins,83.5 km,14 hours 33 mins,70.7 km
RH1 3PP,1 hour 0 mins,74.2 km,1 hour 55 mins,82.8 km,14 hours 33 mins,70.6 km
RH1 3PT,1 hour 0 mins,74.2 km,1 hour 55 mins,82.8 km,14 hours 33 mins,70.6 km
RH1 3QS,55 mins,71.8 km,2 hours 20 mins,82.2 km,14 hours 7 mins,68.6 km
RH1 3QT,55 mins,71.8 km,2 hours 20 mins,82.2 km,14 hours 7 mins,68.6 km
RH1 3RH,1 hour 0 mins,79.8 km,2 hours 1 min,86.3 km,15 hours 49 mins,76.8 km
RH1 3YP,1 hour 0 mins,72.9 km,1 hour 35 mins,78.7 km,14 hours 26 mins,70.0 km
RH1 4AL,1 hour 0 mins,72.6 km,1 hour 32 mins,78.3 km,14 hours 22 mins,69.7 km
RH1 4AY,1 hour 0 mins,72.6 km,1 hour 32 mins,78.4 km,14 hours 23 mins,69.7 km
RH1 4DS,1 hour 2 mins,73.3 km,2 hours 12 mins,79.2 km,14 hours 30 mins,70.2 km
RH1 4DZ,1 hour 2 mins,73.7 km,2 hours 16 mins,79.5 km,14 hours 35 mins,70.6 km
RH1 4HU,1 hour 3 mins,76.4 km,1 hour 56 mins,82.2 km,14 hours 51 mins,72.3 km
RH1 4ER,1 hour 1 min,75.1 km,1 hour 56 mins,81.5 km,14 hours 37 mins,71.0 km
RH1 4FZ,1 hour 5 mins,75.2 km,1 hour 53 mins,81.6 km,14 hours 54 mins,72.3 km
RH1 4FN,1 hour 3 mins,75.4 km,1 hour 50 mins,81.8 km,14 hours 56 mins,72.5 km
RH1 4FP,1 hour 3 mins,75.4 km,1 hour 50 mins,81.8 km,14 hours 56 mins,72.5 km
RH1 4FQ,1 hour 3 mins,75.4 km,1 hour 50 mins,81.8 km,14 hours 56 mins,72.5 km
RH1 4FR,1 hour 3 mins,75.4 km,1 hour 50 mins,81.8 km,14 hours 56 mins,72.5 km
RH1 4FS,1 hour 3 mins,75.4 km,1 hour 50 mins,81.8 km,14 hours 56 mins,72.5 km
RH1 4FT,1 hour 3 mins,75.4 km,1 hour 50 mins,81.8 km,14 hours 56 mins,72.5 km
RH1 4FW,1 hour 3 mins,75.4 km,1 hour 50 mins,81.8 km,14 hours 56 mins,72.5 km
RH1 4HH,1 hour 3 mins,75.4 km,1 hour 50 mins,81.8 km,14 hours 56 mins,72.5 km
RH1 4HQ,1 hour 3 mins,75.4 km,1 hour 50 mins,81.8 km,14 hours 56 mins,72.5 km
RH1 4HT,1 hour 3 mins,75.4 km,1 hour 50 mins,81.8 km,14 hours 56 mins,72.5 km
RH1 4HF,1 hour 2 mins,75.1 km,2 hours 23 mins,81.3 km,14 hours 52 mins,72.2 km
RH1 1AA,59 mins,72.4 km,1 hour 31 mins,78.3 km,14 hours 21 mins,69.5 km
RH1 1AE,1 hour 1 min,72.7 km,1 hour 34 mins,78.6 km,14 hours 23 mins,69.8 km
RH1 1AF,1 hour 1 min,73.1 km,1 hour 39 mins,78.9 km,14 hours 25 mins,69.9 km
RH1 1AG,1 hour 0 mins,73.0 km,1 hour 37 mins,78.8 km,14 hours 23 mins,69.7 km
RH1 1AH,1 hour 1 min,73.0 km,1 hour 37 mins,78.8 km,14 hours 23 mins,69.7 km
RH1 1AJ,1 hour 1 min,73.1 km,1 hour 38 mins,78.9 km,14 hours 24 mins,69.8 km
RH1 1AL,1 hour 2 mins,73.2 km,1 hour 40 mins,79.0 km,14 hours 26 mins,69.9 km
RH1 1AP,1 hour 0 mins,72.7 km,1 hour 33 mins,78.5 km,14 hours 24 mins,69.8 km
RH1 1AR,1 hour 0 mins,72.7 km,1 hour 34 mins,78.6 km,14 hours 22 mins,69.7 km
RH1 1AS,1 hour 0 mins,72.8 km,1 hour 34 mins,78.5 km,14 hours 20 mins,69.5 km
RH1 1AU,1 hour 0 mins,73.0 km,1 hour 37 mins,78.8 km,14 hours 22 mins,69.7 km
RH1 1AX,1 hour 0 mins,73.9 km,1 hour 42 mins,79.2 km,14 hours 30 mins,70.4 km
RH1 1AZ,57 mins,71.7 km,0,0,14 hours 6 mins,68.4 km
RH1 1BD,57 mins,71.7 km,1 hour 38 mins,78.9 km,14 hours 9 mins,68.6 km
RH1 1BE,58 mins,71.9 km,1 hour 42 mins,76.8 km,14 hours 8 mins,68.6 km
RH1 1BG,57 mins,71.2 km,1 hour 42 mins,77.7 km,14 hours 5 mins,68.4 km
RH1 1BT,57 mins,71.6 km,1 hour 36 mins,78.7 km,14 hours 12 mins,68.8 km
RH1 1DJ,59 mins,71.9 km,1 hour 35 mins,78.6 km,14 hours 16 mins,69.2 km
RH1 1DP,57 mins,71.6 km,1 hour 40 mins,79.0 km,14 hours 7 mins,68.5 km
RH1 1DR,58 mins,72.1 km,1 hour 38 mins,78.8 km,14 hours 8 mins,68.6 km
RH1 1DU,57 mins,71.6 km,1 hour 38 mins,78.9 km,14 hours 7 mins,68.5 km
RH1 1DX,57 mins,71.6 km,1 hour 40 mins,79.0 km,14 hours 9 mins,68.7 km
RH1 1ED,57 mins,71.4 km,1 hour 38 mins,78.9 km,14 hours 10 mins,68.7 km
RH1 1EN,57 mins,71.5 km,1 hour 37 mins,78.8 km,14 hours 10 mins,68.7 km
RH1 1ER,57 mins,71.6 km,1 hour 40 mins,79.1 km,14 hours 9 mins,68.7 km
RH1 1EU,59 mins,72.3 km,1 hour 30 mins,78.2 km,14 hours 19 mins,69.4 km
RH1 1EX,57 mins,71.9 km,1 hour 35 mins,78.6 km,14 hours 11 mins,68.8 km
RH1 1EZ,56 mins,71.4 km,1 hour 38 mins,78.9 km,14 hours 10 mins,68.7 km
RH1 1FG,59 mins,72.8 km,1 hour 29 mins,78.1 km,14 hours 19 mins,69.3 km
RH1 1FQ,57 mins,71.6 km,1 hour 34 mins,78.5 km,14 hours 13 mins,68.9 km
RH1 1HD,57 mins,71.5 km,0,0,14 hours 11 mins,68.8 km
RH1 1HG,1 hour 0 mins,72.8 km,1 hour 36 mins,78.6 km,14 hours 24 mins,69.7 km
RH1 1HJ,59 mins,72.5 km,1 hour 34 mins,78.5 km,14 hours 16 mins,69.2 km
RH1 1HL,1 hour 0 mins,72.5 km,1 hour 35 mins,78.6 km,14 hours 17 mins,69.2 km
RH1 1HY,58 mins,71.9 km,1 hour 36 mins,78.7 km,14 hours 12 mins,68.8 km
RH1 1JD,57 mins,71.9 km,1 hour 38 mins,78.9 km,14 hours 15 mins,69.1 km
RH1 1JE,57 mins,71.8 km,1 hour 36 mins,78.7 km,14 hours 9 mins,68.7 km
RH1 1JF,57 mins,71.7 km,1 hour 39 mins,79.0 km,14 hours 13 mins,69.0 km
RH1 1JG,56 mins,71.5 km,1 hour 38 mins,78.7 km,14 hours 11 mins,68.8 km
RH1 1JH,56 mins,71.3 km,1 hour 40 mins,79.0 km,14 hours 9 mins,68.6 km
RH1 1JJ,56 mins,71.3 km,1 hour 39 mins,78.9 km,14 hours 8 mins,68.5 km
RH1 1JL,56 mins,71.5 km,1 hour 38 mins,78.7 km,14 hours 11 mins,68.8 km
RH1 1JN,57 mins,71.6 km,1 hour 38 mins,78.7 km,14 hours 12 mins,68.9 km
RH1 1JQ,59 mins,72.4 km,1 hour 30 mins,78.2 km,14 hours 17 mins,69.2 km
RH1 1JR,59 mins,72.3 km,1 hour 37 mins,78.7 km,14 hours 19 mins,69.4 km
RH1 1JT,58 mins,72.3 km,1 hour 34 mins,78.6 km,14 hours 21 mins,69.5 km
RH1 1JW,57 mins,71.8 km,1 hour 38 mins,78.9 km,14 hours 14 mins,69.1 km
RH1 1JX,58 mins,72.2 km,1 hour 35 mins,78.6 km,14 hours 20 mins,69.5 km
RH1 1JY,59 mins,72.5 km,1 hour 31 mins,78.3 km,14 hours 18 mins,69.3 km
RH1 1LB,58 mins,72.3 km,1 hour 33 mins,78.5 km,14 hours 20 mins,69.5 km
RH1 1LG,58 mins,72.0 km,1 hour 38 mins,78.9 km,14 hours 17 mins,69.3 km
RH1 1LH,57 mins,71.9 km,1 hour 39 mins,78.9 km,14 hours 15 mins,69.1 km
RH1 1LL,58 mins,72.1 km,1 hour 37 mins,78.8 km,14 hours 19 mins,69.4 km
RH1 1LN,58 mins,72.3 km,1 hour 35 mins,78.6 km,14 hours 18 mins,69.3 km
RH1 1LP,58 mins,72.3 km,1 hour 36 mins,78.7 km,14 hours 18 mins,69.4 km
RH1 1LS,58 mins,71.8 km,1 hour 35 mins,78.6 km,14 hours 15 mins,69.1 km
RH1 1LT,58 mins,72.4 km,1 hour 36 mins,78.7 km,14 hours 19 mins,69.4 km
RH1 1LU,58 mins,71.8 km,1 hour 35 mins,78.6 km,14 hours 15 mins,69.1 km
RH1 1LZ,57 mins,71.9 km,1 hour 31 mins,78.3 km,14 hours 16 mins,69.1 km
RH1 1NA,58 mins,71.8 km,1 hour 35 mins,78.6 km,14 hours 15 mins,69.1 km
RH1 1NL,1 hour 0 mins,72.2 km,1 hour 30 mins,78.1 km,14 hours 18 mins,69.4 km
RH1 1NX,58 mins,72.3 km,1 hour 34 mins,78.5 km,14 hours 20 mins,69.5 km
RH1 1NY,59 mins,72.4 km,1 hour 32 mins,78.3 km,14 hours 17 mins,69.3 km
RH1 1PH,59 mins,72.4 km,1 hour 31 mins,78.3 km,14 hours 15 mins,69.1 km
RH1 1PP,1 hour 0 mins,73.7 km,1 hour 41 mins,79.2 km,14 hours 28 mins,70.2 km
RH1 1PR,58 mins,72.1 km,1 hour 33 mins,78.4 km,14 hours 13 mins,68.9 km
RH1 1PT,1 hour 0 mins,72.5 km,1 hour 32 mins,78.3 km,14 hours 22 mins,69.6 km
RH1 1QB,58 mins,71.8 km,1 hour 33 mins,78.4 km,14 hours 14 mins,69.1 km
RH1 1QE,58 mins,72.0 km,1 hour 37 mins,78.8 km,14 hours 9 mins,68.6 km
RH1 1QJ,58 mins,71.9 km,1 hour 33 mins,78.4 km,14 hours 15 mins,69.1 km
RH1 1RB,1 hour 0 mins,72.4 km,1 hour 27 mins,78.0 km,14 hours 19 mins,69.4 km
RH1 1RR,59 mins,72.2 km,1 hour 34 mins,78.5 km,14 hours 14 mins,69.0 km
RH1 1SB,56 mins,71.4 km,1 hour 40 mins,79.1 km,14 hours 9 mins,68.6 km
RH1 1SD,59 mins,72.3 km,1 hour 30 mins,78.2 km,14 hours 19 mins,69.4 km
RH1 1SJ,1 hour 0 mins,72.8 km,1 hour 36 mins,78.6 km,14 hours 23 mins,69.7 km
RH1 1SX,57 mins,71.8 km,1 hour 39 mins,78.9 km,14 hours 14 mins,69.1 km
RH1 1SY,56 mins,71.4 km,1 hour 38 mins,78.9 km,14 hours 9 mins,68.6 km
RH1 1SZ,59 mins,72.5 km,1 hour 34 mins,78.5 km,14 hours 17 mins,69.3 km
RH1 1TA,58 mins,72.2 km,1 hour 34 mins,78.5 km,14 hours 14 mins,69.0 km
RH1 1TB,57 mins,71.8 km,1 hour 38 mins,78.9 km,14 hours 15 mins,69.1 km
RH1 1TD,1 hour 1 min,73.1 km,1 hour 39 mins,78.9 km,14 hours 25 mins,69.9 km
RH1 1TE,1 hour 3 mins,73.6 km,2 hours 11 mins,79.2 km,14 hours 29 mins,70.2 km
RH1 1TF,1 hour 2 mins,73.5 km,1 hour 42 mins,79.2 km,14 hours 29 mins,70.2 km
RH1 1TG,1 hour 2 mins,73.5 km,2 hours 12 mins,79.3 km,14 hours 30 mins,70.3 km
RH1 1TH,1 hour 3 mins,73.6 km,2 hours 13 mins,79.4 km,14 hours 31 mins,70.4 km
RH1 1TJ,1 hour 3 mins,73.6 km,1 hour 42 mins,79.2 km,14 hours 28 mins,70.1 km
RH1 1TL,1 hour 2 mins,73.4 km,1 hour 40 mins,79.0 km,14 hours 26 mins,70.0 km
RH1 1TN,1 hour 2 mins,73.3 km,1 hour 41 mins,79.1 km,14 hours 27 mins,70.0 km
RH1 1TP,1 hour 2 mins,73.3 km,1 hour 40 mins,79.1 km,14 hours 27 mins,70.0 km
RH1 1TR,1 hour 0 mins,73.8 km,1 hour 39 mins,79.0 km,14 hours 26 mins,70.0 km
RH1 1TU,1 hour 3 mins,73.6 km,1 hour 42 mins,79.2 km,14 hours 28 mins,70.2 km
RH1 1TW,1 hour 2 mins,73.3 km,1 hour 40 mins,79.0 km,14 hours 27 mins,70.0 km
RH1 1WS,57 mins,72.0 km,1 hour 34 mins,78.5 km,14 hours 12 mins,68.9 km
RH1 2AA,58 mins,71.8 km,1 hour 41 mins,79.1 km,14 hours 13 mins,69.0 km
RH1 2AB,58 mins,71.7 km,1 hour 41 mins,78.5 km,14 hours 13 mins,69.0 km
RH1 2AD,1 hour 1 min,73.9 km,2 hours 11 mins,79.4 km,14 hours 20 mins,69.5 km
RH1 2AF,56 mins,71.5 km,1 hour 40 mins,78.8 km,14 hours 11 mins,68.8 km
RH1 2AG,57 mins,71.6 km,1 hour 39 mins,78.4 km,14 hours 12 mins,68.8 km
RH1 2AH,57 mins,71.7 km,1 hour 38 mins,78.3 km,14 hours 11 mins,68.8 km
RH1 2AJ,57 mins,71.8 km,1 hour 38 mins,78.3 km,14 hours 11 mins,68.8 km
RH1 2AL,57 mins,71.8 km,1 hour 37 mins,78.2 km,14 hours 9 mins,68.7 km
RH1 2AN,57 mins,71.4 km,1 hour 38 mins,78.3 km,14 hours 9 mins,68.7 km
RH1 2AQ,57 mins,71.7 km,1 hour 40 mins,78.5 km,14 hours 13 mins,69.0 km
RH1 2AR,57 mins,71.4 km,1 hour 38 mins,78.1 km,14 hours 8 mins,68.6 km
RH1 2AS,57 mins,72.1 km,2 hours 13 mins,79.9 km,14 hours 13 mins,68.9 km
RH1 2AT,57 mins,71.3 km,1 hour 37 mins,78.0 km,14 hours 7 mins,68.5 km
RH1 2AU,57 mins,71.4 km,1 hour 38 mins,78.1 km,14 hours 8 mins,68.6 km
RH1 2AX,57 mins,71.4 km,1 hour 38 mins,78.1 km,14 hours 8 mins,68.6 km
RH1 2AY,56 mins,71.2 km,1 hour 39 mins,78.1 km,14 hours 6 mins,68.4 km
RH1 2AZ,57 mins,71.9 km,1 hour 38 mins,78.3 km,14 hours 10 mins,68.8 km
RH1 2BA,58 mins,71.9 km,1 hour 39 mins,78.4 km,14 hours 11 mins,68.8 km
RH1 2BB,57 mins,71.4 km,1 hour 41 mins,78.2 km,14 hours 9 mins,68.6 km
RH1 2BE,57 mins,71.3 km,1 hour 39 mins,78.1 km,14 hours 7 mins,68.5 km
RH1 2BH,56 mins,71.2 km,1 hour 38 mins,78.0 km,14 hours 6 mins,68.4 km
RH1 2BL,56 mins,71.3 km,1 hour 37 mins,77.8 km,14 hours 6 mins,68.4 km
RH1 2BN,57 mins,71.3 km,1 hour 40 mins,78.0 km,14 hours 6 mins,68.4 km
RH1 2BQ,56 mins,71.2 km,1 hour 37 mins,78.0 km,14 hours 6 mins,68.5 km
RH1 2BS,57 mins,72.0 km,1 hour 38 mins,78.9 km,14 hours 15 mins,69.1 km
RH1 2BW,57 mins,71.3 km,1 hour 41 mins,78.1 km,14 hours 7 mins,68.5 km
RH1 2BX,56 mins,71.7 km,1 hour 41 mins,79.2 km,14 hours 11 mins,68.8 km
RH1 2BY,56 mins,71.7 km,1 hour 42 mins,79.2 km,14 hours 11 mins,68.7 km
RH1 2BZ,56 mins,71.3 km,2 hours 14 mins,79.6 km,14 hours 6 mins,68.4 km
RH1 2DA,56 mins,71.2 km,2 hours 15 mins,80.8 km,14 hours 2 mins,68.1 km
RH1 2DD,56 mins,71.2 km,2 hours 15 mins,80.8 km,14 hours 5 mins,68.4 km
RH1 2DE,56 mins,71.1 km,2 hours 14 mins,80.7 km,14 hours 4 mins,68.3 km
RH1 2DF,56 mins,71.0 km,1 hour 39 mins,77.9 km,14 hours 4 mins,68.3 km
RH1 2DG,56 mins,71.2 km,1 hour 36 mins,77.7 km,14 hours 5 mins,68.3 km
RH1 2DH,56 mins,71.0 km,1 hour 38 mins,77.9 km,14 hours 3 mins,68.2 km
RH1 2DJ,56 mins,71.1 km,1 hour 41 mins,78.1 km,14 hours 5 mins,68.4 km
RH1 2DL,56 mins,71.2 km,2 hours 10 mins,79.2 km,14 hours 6 mins,68.4 km
RH1 2DQ,56 mins,71.2 km,1 hour 37 mins,77.8 km,14 hours 4 mins,68.2 km
RH1 2DR,56 mins,71.2 km,1 hour 41 mins,79.1 km,14 hours 7 mins,68.5 km
RH1 2DS,57 mins,71.7 km,2 hours 11 mins,79.3 km,14 hours 11 mins,68.8 km
RH1 2DT,56 mins,71.2 km,1 hour 38 mins,77.7 km,14 hours 5 mins,68.4 km
RH1 2DU,58 mins,72.5 km,2 hours 11 mins,79.7 km,14 hours 16 mins,69.1 km
RH1 2DW,56 mins,71.1 km,1 hour 41 mins,79.1 km,14 hours 6 mins,68.4 km
RH1 2DX,57 mins,72.1 km,2 hours 13 mins,79.7 km,14 hours 14 mins,69.0 km
RH1 2DY,57 mins,72.1 km,2 hours 13 mins,79.8 km,14 hours 14 mins,68.9 km
RH1 2DZ,56 mins,72.0 km,2 hours 13 mins,80.0 km,14 hours 12 mins,68.8 km
RH1 2EA,56 mins,72.0 km,2 hours 13 mins,80.0 km,14 hours 12 mins,68.8 km
RH1 2EB,56 mins,71.7 km,2 hours 16 mins,79.9 km,14 hours 8 mins,68.6 km
RH1 2ED,57 mins,71.8 km,2 hours 18 mins,79.9 km,14 hours 10 mins,68.7 km
RH1 2EE,57 mins,71.8 km,2 hours 18 mins,79.9 km,14 hours 10 mins,68.7 km
RH1 2EF,56 mins,71.7 km,2 hours 16 mins,79.8 km,14 hours 8 mins,68.5 km
RH1 2EG,56 mins,71.8 km,2 hours 15 mins,79.7 km,14 hours 10 mins,68.7 km
RH1 2EH,1 hour 0 mins,73.8 km,1 hour 41 mins,79.1 km,14 hours 21 mins,69.6 km
RH1 2EJ,1 hour 1 min,74.0 km,2 hours 12 mins,79.5 km,14 hours 21 mins,69.6 km
RH1 2EL,57 mins,72.2 km,2 hours 16 mins,79.7 km,14 hours 15 mins,69.0 km
RH1 2EP,58 mins,72.3 km,2 hours 11 mins,79.3 km,14 hours 16 mins,69.2 km
RH1 2EQ,56 mins,71.8 km,2 hours 15 mins,79.7 km,14 hours 10 mins,68.7 km
RH1 2ES,57 mins,72.3 km,1 hour 41 mins,79.2 km,14 hours 16 mins,69.1 km
RH1 2ET,57 mins,72.2 km,2 hours 11 mins,79.4 km,14 hours 15 mins,69.0 km
RH1 2EU,57 mins,72.1 km,2 hours 11 mins,79.4 km,14 hours 14 mins,69.0 km
RH1 2EW,57 mins,72.2 km,2 hours 12 mins,79.4 km,14 hours 15 mins,69.0 km
RH1 2EX,57 mins,71.9 km,2 hours 14 mins,79.6 km,14 hours 12 mins,68.8 km
RH1 2EY,56 mins,71.8 km,2 hours 15 mins,79.7 km,14 hours 10 mins,68.7 km
RH1 2EZ,57 mins,72.0 km,2 hours 13 mins,79.6 km,14 hours 12 mins,68.9 km
RH1 2FA,1 hour 0 mins,73.5 km,2 hours 14 mins,79.8 km,14 hours 21 mins,69.6 km
RH1 2FB,1 hour 1 min,73.9 km,2 hours 11 mins,79.6 km,14 hours 19 mins,69.4 km
RH1 2FE,57 mins,72.1 km,2 hours 12 mins,79.4 km,14 hours 14 mins,69.0 km
RH1 2FG,58 mins,72.3 km,2 hours 17 mins,79.8 km,14 hours 16 mins,69.2 km
RH1 2FH,59 mins,73.3 km,2 hours 23 mins,80.1 km,14 hours 25 mins,70.0 km
RH1 2FJ,1 hour 0 mins,73.5 km,2 hours 25 mins,80.3 km,14 hours 27 mins,70.2 km
RH1 2FQ,1 hour 0 mins,73.7 km,1 hour 39 mins,79.0 km,14 hours 21 mins,69.5 km
RH1 2FT,59 mins,73.4 km,2 hours 24 mins,80.2 km,14 hours 26 mins,70.1 km
RH1 2FU,57 mins,71.6 km,2 hours 13 mins,79.5 km,14 hours 9 mins,68.6 km
RH1 2FY,59 mins,73.4 km,2 hours 23 mins,80.1 km,14 hours 25 mins,70.0 km
RH1 2GA,57 mins,72.2 km,2 hours 12 mins,79.4 km,14 hours 15 mins,69.1 km
RH1 2GD,1 hour 0 mins,73.6 km,2 hours 15 mins,79.6 km,14 hours 27 mins,70.2 km
RH1 2GG,58 mins,72.2 km,1 hour 39 mins,78.9 km,14 hours 19 mins,69.4 km
RH1 2GH,58 mins,72.6 km,2 hours 11 mins,79.6 km,14 hours 19 mins,69.4 km
RH1 2GN,1 hour 0 mins,73.5 km,2 hours 24 mins,80.2 km,14 hours 26 mins,70.1 km
RH1 2GR,59 mins,73.5 km,2 hours 23 mins,80.2 km,14 hours 26 mins,70.0 km
RH1 2HA,57 mins,72.2 km,2 hours 13 mins,79.5 km,14 hours 15 mins,69.0 km
RH1 2HB,58 mins,72.3 km,2 hours 14 mins,79.6 km,14 hours 16 mins,69.1 km
RH1 2HD,57 mins,71.9 km,1 hour 37 mins,78.8 km,14 hours 16 mins,69.1 km
RH1 2HE,58 mins,72.0 km,1 hour 38 mins,78.8 km,14 hours 18 mins,69.3 km
RH1 2HF,58 mins,72.1 km,1 hour 38 mins,78.8 km,14 hours 19 mins,69.4 km
RH1 2HH,57 mins,71.7 km,1 hour 41 mins,79.0 km,14 hours 13 mins,68.9 km
RH1 2HL,59 mins,73.4 km,2 hours 16 mins,79.6 km,14 hours 23 mins,69.7 km
RH1 2HN,59 mins,72.4 km,2 hours 10 mins,79.3 km,14 hours 19 mins,69.4 km
RH1 2HP,59 mins,73.5 km,2 hours 9 mins,79.2 km,14 hours 23 mins,69.7 km
RH1 2HQ,57 mins,71.6 km,1 hour 41 mins,78.9 km,14 hours 12 mins,68.9 km
RH1 2HR,1 hour 1 min,73.7 km,1 hour 41 mins,79.1 km,14 hours 22 mins,69.7 km
RH1 2HS,59 mins,73.4 km,2 hours 10 mins,79.2 km,14 hours 23 mins,69.9 km
RH1 2HU,1 hour 1 min,73.7 km,2 hours 11 mins,79.3 km,14 hours 22 mins,69.6 km
RH1 2HX,1 hour 0 mins,73.6 km,2 hours 13 mins,79.5 km,14 hours 21 mins,69.6 km
RH1 2HZ,58 mins,73.2 km,2 hours 16 mins,79.6 km,14 hours 21 mins,69.6 km
RH1 2JA,59 mins,73.0 km,2 hours 19 mins,79.8 km,14 hours 21 mins,69.7 km
RH1 2JB,59 mins,73.0 km,2 hours 19 mins,79.8 km,14 hours 21 mins,69.7 km
RH1 2JD,58 mins,72.9 km,2 hours 19 mins,80.1 km,14 hours 19 mins,69.5 km
RH1 2JE,57 mins,72.7 km,2 hours 16 mins,79.9 km,14 hours 17 mins,69.3 km
RH1 2JG,58 mins,72.3 km,1 hour 40 mins,79.2 km,14 hours 17 mins,69.2 km
RH1 2JH,58 mins,72.3 km,2 hours 10 mins,79.6 km,14 hours 16 mins,69.2 km
RH1 2JJ,58 mins,72.4 km,1 hour 41 mins,79.2 km,14 hours 16 mins,69.2 km
RH1 2JL,58 mins,72.8 km,2 hours 18 mins,80.1 km,14 hours 19 mins,69.5 km
RH1 2JN,58 mins,72.5 km,1 hour 40 mins,79.0 km,14 hours 17 mins,69.2 km
RH1 2JU,57 mins,72.4 km,2 hours 10 mins,79.5 km,14 hours 17 mins,69.2 km
RH1 2JW,57 mins,72.1 km,1 hour 39 mins,78.9 km,14 hours 16 mins,69.1 km
RH1 2JX,58 mins,72.4 km,2 hours 11 mins,79.8 km,14 hours 17 mins,69.3 km
RH1 2JZ,59 mins,72.4 km,2 hours 10 mins,79.6 km,14 hours 17 mins,69.2 km
RH1 2LA,58 mins,72.8 km,2 hours 14 mins,80.0 km,14 hours 18 mins,69.4 km
RH1 2LE,1 hour 1 min,73.8 km,2 hours 10 mins,79.3 km,14 hours 18 mins,69.3 km
RH1 2LF,1 hour 1 min,73.8 km,2 hours 11 mins,79.5 km,14 hours 18 mins,69.3 km
RH1 2LG,58 mins,72.9 km,2 hours 21 mins,80.2 km,14 hours 19 mins,69.5 km
RH1 2LH,58 mins,73.0 km,2 hours 18 mins,79.8 km,14 hours 21 mins,69.7 km
RH1 2LL,1 hour 0 mins,73.6 km,2 hours 21 mins,80.0 km,14 hours 23 mins,69.8 km
RH1 2LN,1 hour 0 mins,73.5 km,2 hours 14 mins,79.7 km,14 hours 22 mins,69.6 km
RH1 2LP,59 mins,73.2 km,2 hours 18 mins,79.7 km,14 hours 23 mins,69.8 km
RH1 2LQ,56 mins,71.3 km,2 hours 14 mins,79.6 km,14 hours 6 mins,68.4 km
RH1 2LR,58 mins,72.6 km,2 hours 11 mins,79.6 km,14 hours 19 mins,69.4 km
RH1 2LW,58 mins,72.9 km,2 hours 21 mins,80.3 km,14 hours 19 mins,69.5 km
RH1 2LX,58 mins,72.9 km,2 hours 20 mins,79.9 km,14 hours 20 mins,69.6 km
RH1 2NA,59 mins,73.4 km,2 hours 11 mins,79.3 km,14 hours 24 mins,69.8 km
RH1 2ND,1 hour 0 mins,74.7 km,1 hour 47 mins,80.5 km,14 hours 29 mins,70.3 km
RH1 2NF,1 hour 0 mins,73.5 km,2 hours 25 mins,80.3 km,14 hours 27 mins,70.1 km
RH1 2NG,1 hour 0 mins,73.6 km,2 hours 13 mins,79.4 km,14 hours 27 mins,70.2 km
RH1 2NJ,1 hour 0 mins,73.5 km,2 hours 23 mins,80.2 km,14 hours 26 mins,70.0 km
RH1 2NN,58 mins,73.1 km,2 hours 17 mins,79.7 km,14 hours 22 mins,69.8 km
RH1 2NP,59 mins,73.4 km,2 hours 23 mins,80.1 km,14 hours 25 mins,70.0 km
RH1 2NS,58 mins,73.2 km,2 hours 18 mins,79.7 km,14 hours 23 mins,69.8 km
RH1 2NT,59 mins,73.4 km,2 hours 14 mins,79.5 km,14 hours 25 mins,70.0 km
RH1 2NY,1 hour 1 min,74.8 km,2 hours 25 mins,80.3 km,14 hours 27 mins,70.2 km
RH1 2NZ,1 hour 1 min,74.8 km,2 hours 24 mins,80.2 km,14 hours 26 mins,70.1 km
RH1 2PA,59 mins,73.3 km,2 hours 13 mins,79.4 km,14 hours 23 mins,69.9 km
RH1 2PB,1 hour 0 mins,74.7 km,2 hours 25 mins,80.3 km,14 hours 28 mins,70.2 km
RH1 2PD,1 hour 0 mins,73.4 km,2 hours 23 mins,80.1 km,14 hours 25 mins,70.0 km
RH1 2PE,1 hour 0 mins,73.4 km,2 hours 23 mins,80.2 km,14 hours 26 mins,70.0 km
RH1 2PF,1 hour 0 mins,73.6 km,2 hours 16 mins,79.7 km,14 hours 27 mins,70.2 km
RH1 2PG,1 hour 0 mins,73.6 km,2 hours 16 mins,79.6 km,14 hours 27 mins,70.2 km
RH1 2PT,55 mins,70.9 km,1 hour 40 mins,78.0 km,14 hours 2 mins,68.2 km
RH1 2PU,58 mins,72.8 km,2 hours 21 mins,80.2 km,14 hours 19 mins,69.5 km
RH1 2QB,59 mins,72.3 km,1 hour 40 mins,79.1 km,14 hours 21 mins,69.6 km
RH1 2QD,57 mins,71.9 km,2 hours 15 mins,79.8 km,14 hours 11 mins,68.8 km
RH1 2QE,58 mins,72.2 km,1 hour 39 mins,79.0 km,14 hours 20 mins,69.5 km
RH1 2SZ,58 mins,72.9 km,2 hours 20 mins,79.9 km,14 hours 20 mins,69.5 km
RH1 2TA,58 mins,72.9 km,2 hours 22 mins,80.3 km,14 hours 20 mins,69.6 km
RH1 3AA,57 mins,78.2 km,2 hours 20 mins,83.2 km,14 hours 9 mins,68.8 km
RH1 3AB,57 mins,78.1 km,2 hours 24 mins,83.5 km,14 hours 7 mins,68.7 km
RH1 3AD,57 mins,73.4 km,2 hours 22 mins,82.7 km,14 hours 17 mins,69.5 km
RH1 3AE,58 mins,73.6 km,2 hours 24 mins,82.9 km,14 hours 19 mins,69.6 km
RH1 3AF,57 mins,73.8 km,1 hour 56 mins,83.1 km,14 hours 21 mins,69.9 km
RH1 3AG,59 mins,74.8 km,2 hours 8 mins,84.1 km,14 hours 20 mins,69.8 km
RH1 3AH,57 mins,77.7 km,2 hours 22 mins,84.4 km,14 hours 3 mins,68.3 km
RH1 3AJ,57 mins,77.8 km,2 hours 24 mins,84.5 km,14 hours 4 mins,68.4 km
RH1 3AL,57 mins,77.5 km,2 hours 20 mins,84.2 km,14 hours 0 mins,68.1 km
RH1 3AN,57 mins,72.8 km,2 hours 21 mins,83.3 km,14 hours 1 min,68.3 km
RH1 3AP,57 mins,72.8 km,2 hours 8 mins,104 km,14 hours 19 mins,69.6 km
RH1 3AQ,58 mins,73.6 km,2 hours 22 mins,81.5 km,14 hours 30 mins,70.4 km
RH1 3AR,58 mins,72.9 km,2 hours 8 mins,104 km,14 hours 20 mins,69.7 km
RH1 3AS,58 mins,72.8 km,2 hours 18 mins,80.8 km,14 hours 18 mins,69.5 km
RH1 3AU,58 mins,73.1 km,2 hours 14 mins,80.9 km,14 hours 19 mins,69.5 km
RH1 3AW,55 mins,71.7 km,2 hours 5 mins,84.4 km,13 hours 53 mins,67.7 km
RH1 3AX,57 mins,72.6 km,2 hours 12 mins,80.7 km,14 hours 15 mins,69.3 km
RH1 3AY,57 mins,73.2 km,2 hours 14 mins,80.9 km,14 hours 19 mins,69.5 km
RH1 3AZ,56 mins,73.0 km,2 hours 10 mins,104 km,14 hours 20 mins,69.6 km
RH1 3BA,56 mins,72.7 km,2 hours 12 mins,81.2 km,14 hours 18 mins,69.5 km
RH1 3BB,57 mins,72.7 km,2 hours 15 mins,81.4 km,14 hours 16 mins,69.3 km
RH1 3BD,57 mins,72.8 km,2 hours 15 mins,81.4 km,14 hours 15 mins,69.3 km
RH1 3BG,56 mins,72.6 km,2 hours 10 mins,104 km,14 hours 17 mins,69.4 km
RH1 3BH,55 mins,71.9 km,2 hours 19 mins,82.1 km,14 hours 8 mins,68.7 km
RH1 3BJ,57 mins,72.8 km,2 hours 18 mins,82.1 km,14 hours 19 mins,69.7 km
RH1 3BL,57 mins,72.9 km,2 hours 19 mins,82.2 km,14 hours 19 mins,69.7 km
RH1 3BN,56 mins,73.0 km,2 hours 17 mins,82.3 km,14 hours 10 mins,68.9 km
RH1 3BP,59 mins,74.1 km,2 hours 20 mins,83.2 km,14 hours 8 mins,68.8 km
RH1 3BS,57 mins,73.0 km,2 hours 20 mins,82.5 km,14 hours 16 mins,69.4 km
RH1 3BT,59 mins,73.8 km,2 hours 21 mins,81.0 km,14 hours 23 mins,69.8 km
RH1 3BU,1 hour 0 mins,75.4 km,2 hours 7 mins,84.2 km,14 hours 49 mins,72.0 km
RH1 3BW,56 mins,73.2 km,2 hours 19 mins,82.5 km,14 hours 8 mins,68.8 km
RH1 3BX,58 mins,73.5 km,2 hours 14 mins,81.7 km,14 hours 14 mins,69.2 km
RH1 3BY,57 mins,72.6 km,2 hours 17 mins,82.0 km,14 hours 17 mins,69.4 km
RH1 3BZ,57 mins,72.9 km,2 hours 20 mins,82.2 km,14 hours 20 mins,69.7 km
RH1 3DA,56 mins,72.7 km,2 hours 8 mins,104 km,14 hours 18 mins,69.5 km
RH1 3DB,57 mins,73.5 km,1 hour 58 mins,82.9 km,14 hours 27 mins,70.4 km
RH1 3DD,58 mins,73.5 km,1 hour 58 mins,82.8 km,14 hours 26 mins,70.3 km
RH1 3DE,58 mins,74.4 km,2 hours 9 mins,83.2 km,14 hours 37 mins,71.3 km
RH1 3DF,59 mins,74.9 km,2 hours 20 mins,85.3 km,14 hours 43 mins,71.8 km
RH1 3DG,59 mins,74.8 km,2 hours 14 mins,84.8 km,14 hours 42 mins,71.6 km
RH1 3DH,1 hour 1 min,75.6 km,2 hours 10 mins,84.4 km,14 hours 51 mins,72.2 km
RH1 3DL,1 hour 1 min,75.8 km,2 hours 8 mins,84.2 km,14 hours 49 mins,72.0 km
RH1 3DN,1 hour 0 mins,74.4 km,1 hour 57 mins,83.3 km,14 hours 38 mins,71.1 km
RH1 3DP,57 mins,72.6 km,2 hours 15 mins,80.6 km,14 hours 16 mins,69.3 km
RH1 3DQ,1 hour 0 mins,75.5 km,2 hours 6 mins,84.1 km,14 hours 47 mins,71.9 km
RH1 3DR,57 mins,72.6 km,2 hours 16 mins,80.6 km,14 hours 16 mins,69.3 km
RH1 3DS,55 mins,71.8 km,2 hours 15 mins,80.6 km,14 hours 6 mins,68.5 km
RH1 3DT,57 mins,73.1 km,2 hours 13 mins,80.8 km,14 hours 18 mins,69.5 km
RH1 3DU,57 mins,72.6 km,2 hours 15 mins,80.6 km,14 hours 16 mins,69.3 km
RH1 3DW,58 mins,72.7 km,2 hours 17 mins,80.7 km,14 hours 17 mins,69.4 km
RH1 3DX,57 mins,73.3 km,2 hours 15 mins,81.0 km,14 hours 17 mins,69.4 km
RH1 3DY,58 mins,73.3 km,2 hours 15 mins,81.0 km,14 hours 20 mins,69.6 km
RH1 3DZ,58 mins,73.5 km,2 hours 15 mins,81.4 km,14 hours 22 mins,69.8 km
RH1 3EA,56 mins,72.7 km,2 hours 12 mins,81.2 km,14 hours 18 mins,69.5 km
RH1 3EB,57 mins,73.2 km,2 hours 18 mins,81.6 km,14 hours 24 mins,70.0 km
RH1 3EF,58 mins,72.9 km,2 hours 8 mins,104 km,14 hours 20 mins,69.7 km
RH1 3EH,58 mins,73.4 km,2 hours 19 mins,81.7 km,14 hours 24 mins,70.0 km
RH1 3EN,58 mins,73.4 km,2 hours 23 mins,81.3 km,14 hours 23 mins,69.8 km
RH1 3EP,58 mins,73.5 km,2 hours 21 mins,80.9 km,14 hours 22 mins,69.7 km
RH1 3EQ,57 mins,73.0 km,2 hours 14 mins,81.3 km,14 hours 21 mins,69.7 km
RH1 3ER,58 mins,73.5 km,2 hours 21 mins,80.9 km,14 hours 22 mins,69.7 km
RH1 3ES,58 mins,73.3 km,2 hours 20 mins,81.7 km,14 hours 26 mins,70.1 km
RH1 3ET,57 mins,72.8 km,2 hours 15 mins,81.4 km,14 hours 18 mins,69.5 km
RH1 3EU,58 mins,72.9 km,2 hours 21 mins,80.8 km,14 hours 19 mins,69.6 km
RH1 3EW,58 mins,73.4 km,2 hours 23 mins,81.3 km,14 hours 23 mins,69.8 km
RH1 3EY,58 mins,72.9 km,2 hours 21 mins,80.8 km,14 hours 20 mins,69.6 km
RH1 3FN,58 mins,73.0 km,2 hours 23 mins,81.0 km,14 hours 22 mins,69.7 km
RH1 3FQ,1 hour 1 min,74.8 km,1 hour 58 mins,83.5 km,14 hours 36 mins,71.0 km
RH1 3FS,59 mins,73.7 km,2 hours 23 mins,81.5 km,14 hours 29 mins,70.4 km
RH1 3FY,58 mins,73.6 km,2 hours 22 mins,81.5 km,14 hours 30 mins,70.5 km
RH1 3GA,59 mins,73.9 km,2 hours 24 mins,81.6 km,14 hours 29 mins,70.4 km
RH1 3GE,59 mins,73.6 km,2 hours 22 mins,81.0 km,14 hours 23 mins,69.8 km
RH1 3HA,59 mins,73.8 km,2 hours 22 mins,81.0 km,14 hours 22 mins,69.8 km
RH1 3HB,59 mins,73.9 km,2 hours 23 mins,81.1 km,14 hours 23 mins,69.8 km
RH1 3HD,58 mins,73.8 km,2 hours 22 mins,81.0 km,14 hours 22 mins,69.8 km
RH1 3HE,59 mins,73.8 km,2 hours 21 mins,80.9 km,14 hours 23 mins,69.8 km
RH1 3HF,59 mins,74.0 km,2 hours 23 mins,81.1 km,14 hours 24 mins,70.0 km
RH1 3HG,59 mins,74.2 km,1 hour 48 mins,80.9 km,14 hours 26 mins,70.1 km
RH1 3HJ,1 hour 0 mins,74.3 km,1 hour 50 mins,81.1 km,14 hours 27 mins,70.2 km
RH1 3HL,1 hour 0 mins,74.1 km,1 hour 52 mins,81.2 km,14 hours 28 mins,70.2 km
RH1 3HN,1 hour 0 mins,74.0 km,2 hours 24 mins,81.2 km,14 hours 27 mins,70.2 km
RH1 3HP,1 hour 0 mins,74.0 km,2 hours 24 mins,81.2 km,14 hours 27 mins,70.2 km
RH1 3HQ,1 hour 0 mins,74.6 km,1 hour 49 mins,81.0 km,14 hours 31 mins,70.5 km
RH1 3HR,1 hour 0 mins,74.3 km,1 hour 49 mins,81.0 km,14 hours 28 mins,70.2 km
RH1 3HS,1 hour 0 mins,74.4 km,1 hour 49 mins,81.0 km,14 hours 28 mins,70.3 km
RH1 3HT,57 mins,73.3 km,2 hours 21 mins,81.2 km,14 hours 26 mins,70.1 km
RH1 3HW,1 hour 0 mins,74.2 km,1 hour 50 mins,81.0 km,14 hours 27 mins,70.1 km
RH1 3JB,58 mins,73.7 km,2 hours 23 mins,81.6 km,14 hours 29 mins,70.4 km
RH1 3JD,59 mins,73.9 km,1 hour 56 mins,82.9 km,14 hours 29 mins,70.4 km
RH1 3JF,59 mins,73.7 km,2 hours 23 mins,81.6 km,14 hours 30 mins,70.4 km
RH1 3JJ,59 mins,74.0 km,2 hours 23 mins,81.8 km,14 hours 32 mins,70.6 km
RH1 3JL,59 mins,74.2 km,1 hour 56 mins,83.3 km,14 hours 33 mins,70.7 km
RH1 3JP,59 mins,73.9 km,2 hours 24 mins,82.1 km,14 hours 29 mins,70.4 km
RH1 3JQ,59 mins,74.0 km,1 hour 55 mins,82.9 km,14 hours 30 mins,70.5 km
RH1 3JR,1 hour 1 min,74.2 km,2 hours 24 mins,82.1 km,14 hours 29 mins,70.4 km
RH1 3JS,1 hour 0 mins,74.1 km,1 hour 57 mins,83.0 km,14 hours 31 mins,70.5 km
RH1 3JT,59 mins,73.9 km,2 hours 23 mins,82.0 km,14 hours 28 mins,70.3 km
RH1 3JU,59 mins,73.9 km,2 hours 22 mins,82.0 km,14 hours 27 mins,70.2 km
RH1 3JW,1 hour 0 mins,74.1 km,2 hours 24 mins,81.9 km,14 hours 32 mins,70.6 km
RH1 3JX,1 hour 0 mins,74.0 km,2 hours 22 mins,81.9 km,14 hours 27 mins,70.2 km
RH1 3LA,58 mins,72.8 km,2 hours 18 mins,80.7 km,14 hours 18 mins,69.5 km
RH1 3LB,59 mins,72.8 km,2 hours 19 mins,80.8 km,14 hours 19 mins,69.5 km
RH1 3LF,57 mins,72.6 km,2 hours 15 mins,80.5 km,14 hours 16 mins,69.3 km
RH1 3LG,57 mins,72.5 km,2 hours 14 mins,80.5 km,14 hours 15 mins,69.2 km
RH1 3LH,58 mins,72.8 km,2 hours 19 mins,80.7 km,14 hours 18 mins,69.5 km
RH1 3LJ,58 mins,73.7 km,2 hours 19 mins,80.7 km,14 hours 22 mins,69.7 km
RH1 3LL,59 mins,73.8 km,2 hours 21 mins,81.0 km,14 hours 25 mins,69.9 km
RH1 3LN,57 mins,72.5 km,2 hours 14 mins,80.5 km,14 hours 15 mins,69.2 km
RH1 3LP,58 mins,73.4 km,2 hours 21 mins,80.9 km,14 hours 25 mins,70.0 km
RH1 3LQ,58 mins,73.3 km,2 hours 20 mins,81.1 km,14 hours 26 mins,70.1 km
RH1 3LR,58 mins,73.4 km,2 hours 21 mins,81.2 km,14 hours 24 mins,69.9 km
RH1 3LS,58 mins,73.4 km,2 hours 21 mins,81.2 km,14 hours 25 mins,70.0 km
RH1 3LX,58 mins,73.6 km,2 hours 20 mins,80.9 km,14 hours 23 mins,69.9 km
RH1 3NA,58 mins,72.9 km,2 hours 21 mins,80.8 km,14 hours 20 mins,69.6 km
RH1 3NB,58 mins,73.7 km,2 hours 17 mins,81.5 km,14 hours 22 mins,69.8 km
RH1 3ND,59 mins,73.9 km,2 hours 19 mins,81.7 km,14 hours 24 mins,70.0 km
RH1 3NE,59 mins,73.8 km,2 hours 20 mins,81.8 km,14 hours 25 mins,70.1 km
RH1 3NF,59 mins,74.0 km,2 hours 21 mins,81.9 km,14 hours 26 mins,70.2 km
RH1 3NG,59 mins,74.1 km,2 hours 22 mins,81.9 km,14 hours 27 mins,70.2 km
RH1 3NH,1 hour 0 mins,74.3 km,1 hour 53 mins,81.8 km,14 hours 30 mins,70.5 km
RH1 3NJ,1 hour 1 min,74.4 km,1 hour 54 mins,81.9 km,14 hours 30 mins,70.5 km
RH1 3NL,1 hour 0 mins,74.8 km,1 hour 59 mins,83.5 km,14 hours 33 mins,70.7 km
RH1 3NN,59 mins,73.9 km,2 hours 22 mins,81.9 km,14 hours 27 mins,70.2 km
RH1 3NQ,1 hour 0 mins,74.2 km,2 hours 23 mins,82.1 km,14 hours 28 mins,70.4 km
RH1 3NS,1 hour 0 mins,74.5 km,1 hour 55 mins,83.2 km,14 hours 37 mins,71.1 km
RH1 3NT,1 hour 0 mins,74.6 km,1 hour 56 mins,83.3 km,14 hours 36 mins,71.0 km
RH1 3NU,1 hour 0 mins,74.5 km,1 hour 56 mins,83.3 km,14 hours 37 mins,71.1 km
RH1 3NX,1 hour 0 mins,74.4 km,1 hour 56 mins,83.2 km,14 hours 35 mins,70.9 km
RH1 3NY,1 hour 0 mins,74.5 km,1 hour 57 mins,83.3 km,14 hours 35 mins,70.9 km
RH1 3PA,1 hour 0 mins,74.5 km,1 hour 59 mins,83.5 km,14 hours 32 mins,70.7 km
RH1 3PB,1 hour 0 mins,74.3 km,1 hour 57 mins,83.3 km,14 hours 34 mins,70.8 km
RH1 3PE,58 mins,73.6 km,2 hours 24 mins,81.6 km,14 hours 27 mins,70.2 km
RH1 3PF,58 mins,73.6 km,2 hours 23 mins,81.6 km,14 hours 28 mins,70.3 km
RH1 3PG,59 mins,74.0 km,2 hours 21 mins,81.9 km,14 hours 27 mins,70.2 km
RH1 3PH,57 mins,73.2 km,2 hours 21 mins,81.2 km,14 hours 24 mins,70.0 km
RH1 3PL,58 mins,73.4 km,2 hours 23 mins,81.5 km,14 hours 27 mins,70.2 km
RH1 3PN,58 mins,73.5 km,2 hours 21 mins,81.4 km,14 hours 28 mins,70.3 km
RH1 3PQ,1 hour 0 mins,74.0 km,2 hours 22 mins,81.9 km,14 hours 27 mins,70.2 km
RH1 3PR,59 mins,74.1 km,1 hour 56 mins,83.1 km,14 hours 34 mins,70.7 km
RH1 3PS,1 hour 0 mins,74.2 km,1 hour 55 mins,82.8 km,14 hours 33 mins,70.6 km
RH1 3PU,1 hour 0 mins,74.1 km,1 hour 58 mins,83.1 km,14 hours 32 mins,70.6 km
RH1 3PW,59 mins,73.7 km,1 hour 54 mins,82.8 km,14 hours 30 mins,70.4 km
RH1 3PX,1 hour 0 mins,73.9 km,1 hour 56 mins,82.9 km,14 hours 30 mins,70.4 km
RH1 3QA,59 mins,73.8 km,1 hour 55 mins,82.5 km,14 hours 29 mins,70.3 km
RH1 3QB,59 mins,73.7 km,2 hours 24 mins,81.2 km,14 hours 28 mins,70.2 km
RH1 3QD,59 mins,73.8 km,1 hour 55 mins,82.5 km,14 hours 29 mins,70.3 km
RH1 3QF,59 mins,73.8 km,2 hours 22 mins,81.8 km,14 hours 32 mins,70.6 km
RH1 3QN,1 hour 0 mins,74.5 km,1 hour 58 mins,83.4 km,14 hours 39 mins,71.2 km
RH1 3QP,58 mins,73.3 km,2 hours 16 mins,81.0 km,14 hours 20 mins,69.7 km
RH1 3QQ,59 mins,74.3 km,1 hour 55 mins,83.2 km,14 hours 37 mins,71.0 km
RH1 3QR,55 mins,71.8 km,2 hours 20 mins,82.2 km,14 hours 7 mins,68.6 km
RH1 3QW,56 mins,72.3 km,2 hours 12 mins,80.4 km,14 hours 13 mins,69.0 km
RH1 3RD,1 hour 0 mins,79.8 km,2 hours 1 min,86.3 km,15 hours 49 mins,76.8 km
RH1 3YL,1 hour 0 mins,72.9 km,1 hour 35 mins,78.7 km,14 hours 26 mins,70.0 km
RH1 4AD,1 hour 1 min,72.8 km,1 hour 34 mins,78.6 km,14 hours 23 mins,69.8 km
RH1 4AE,1 hour 0 mins,72.6 km,1 hour 32 mins,78.3 km,14 hours 22 mins,69.7 km
RH1 4AF,1 hour 0 mins,72.7 km,1 hour 33 mins,78.4 km,14 hours 24 mins,69.8 km
RH1 4AG,1 hour 3 mins,82.5 km,1 hour 53 mins,83.0 km,15 hours 10 mins,73.8 km
RH1 4AH,1 hour 0 mins,72.6 km,1 hour 32 mins,78.4 km,14 hours 23 mins,69.7 km
RH1 4AJ,1 hour 1 min,72.8 km,1 hour 35 mins,78.6 km,14 hours 25 mins,69.9 km
RH1 4AN,1 hour 0 mins,72.6 km,1 hour 32 mins,78.4 km,14 hours 23 mins,69.7 km
RH1 4AP,1 hour 0 mins,72.8 km,1 hour 34 mins,78.5 km,14 hours 24 mins,69.9 km
RH1 4AQ,1 hour 1 min,72.7 km,1 hour 33 mins,78.5 km,14 hours 24 mins,69.8 km
RH1 4AR,1 hour 1 min,72.9 km,1 hour 34 mins,78.5 km,14 hours 24 mins,69.9 km
RH1 4AS,1 hour 1 min,72.9 km,1 hour 36 mins,78.7 km,14 hours 26 mins,70.0 km
RH1 4AT,1 hour 1 min,72.9 km,1 hour 35 mins,78.7 km,14 hours 26 mins,70.0 km
RH1 4AU,1 hour 0 mins,73.0 km,1 hour 37 mins,78.8 km,14 hours 28 mins,70.1 km
RH1 4AW,59 mins,72.5 km,1 hour 30 mins,78.2 km,14 hours 21 mins,69.6 km
RH1 4AX,1 hour 0 mins,72.7 km,1 hour 33 mins,78.5 km,14 hours 24 mins,69.8 km
RH1 4AZ,1 hour 0 mins,72.4 km,1 hour 31 mins,78.3 km,14 hours 21 mins,69.6 km
RH1 4BA,1 hour 0 mins,73.3 km,2 hours 8 mins,79.1 km,14 hours 30 mins,70.4 km
RH1 4BB,1 hour 1 min,73.1 km,1 hour 37 mins,78.9 km,14 hours 28 mins,70.2 km
RH1 4BD,1 hour 1 min,73.0 km,1 hour 37 mins,78.8 km,14 hours 28 mins,70.1 km
RH1 4BE,1 hour 1 min,73.1 km,1 hour 38 mins,78.9 km,14 hours 29 mins,70.2 km
RH1 4BF,1 hour 0 mins,72.6 km,1 hour 32 mins,78.3 km,14 hours 23 mins,69.7 km
RH1 4BG,1 hour 0 mins,72.8 km,1 hour 34 mins,78.5 km,14 hours 24 mins,69.9 km
RH1 4BH,1 hour 0 mins,72.6 km,1 hour 32 mins,78.4 km,14 hours 23 mins,69.7 km
RH1 4BJ,1 hour 0 mins,72.4 km,1 hour 29 mins,78.1 km,14 hours 21 mins,69.5 km
RH1 4BL,59 mins,72.4 km,1 hour 30 mins,78.2 km,14 hours 21 mins,69.5 km
RH1 4BN,1 hour 0 mins,72.7 km,1 hour 32 mins,78.4 km,14 hours 23 mins,69.7 km
RH1 4BP,1 hour 0 mins,72.9 km,1 hour 35 mins,78.6 km,14 hours 26 mins,70.0 km
RH1 4BQ,1 hour 2 mins,81.7 km,1 hour 57 mins,84.4 km,15 hours 28 mins,75.2 km
RH1 4BS,1 hour 0 mins,72.9 km,1 hour 35 mins,78.6 km,14 hours 26 mins,70.0 km
RH1 4BT,1 hour 0 mins,72.9 km,1 hour 36 mins,78.7 km,14 hours 26 mins,70.0 km
RH1 4BU,1 hour 1 min,73.1 km,1 hour 38 mins,78.8 km,14 hours 28 mins,70.2 km
RH1 4BW,1 hour 0 mins,72.7 km,1 hour 31 mins,78.3 km,14 hours 22 mins,69.7 km
RH1 4BX,1 hour 1 min,73.1 km,1 hour 39 mins,78.9 km,14 hours 29 mins,70.2 km
RH1 4BZ,1 hour 0 mins,73.2 km,2 hours 7 mins,78.9 km,14 hours 29 mins,70.1 km
RH1 4DA,1 hour 1 min,73.2 km,2 hours 10 mins,79.1 km,14 hours 29 mins,70.1 km
RH1 4DB,1 hour 1 min,73.3 km,2 hours 11 mins,79.2 km,14 hours 30 mins,70.2 km
RH1 4DD,1 hour 2 mins,73.4 km,2 hours 12 mins,79.3 km,14 hours 31 mins,70.3 km
RH1 4DE,1 hour 2 mins,73.6 km,2 hours 13 mins,79.3 km,14 hours 32 mins,70.4 km
RH1 4DF,1 hour 2 mins,73.7 km,2 hours 16 mins,79.6 km,14 hours 35 mins,70.6 km
RH1 4DG,1 hour 1 min,73.5 km,2 hours 13 mins,79.3 km,14 hours 32 mins,70.4 km
RH1 4DH,1 hour 2 mins,73.5 km,2 hours 13 mins,79.3 km,14 hours 32 mins,70.4 km
RH1 4DJ,1 hour 1 min,73.3 km,2 hours 11 mins,79.1 km,14 hours 29 mins,70.2 km
RH1 4DL,1 hour 1 min,73.2 km,2 hours 10 mins,79.1 km,14 hours 29 mins,70.1 km
RH1 4DN,1 hour 0 mins,73.1 km,2 hours 9 mins,79.0 km,14 hours 27 mins,70.0 km
RH1 4DP,1 hour 2 mins,73.3 km,2 hours 12 mins,79.2 km,14 hours 30 mins,70.2 km
RH1 4DQ,1 hour 1 min,73.5 km,2 hours 13 mins,79.3 km,14 hours 32 mins,70.4 km
RH1 4DR,1 hour 2 mins,73.7 km,2 hours 16 mins,79.5 km,14 hours 35 mins,70.6 km
RH1 4DU,1 hour 3 mins,74.1 km,2 hours 22 mins,80.0 km,14 hours 40 mins,71.0 km
RH1 4DW,1 hour 1 min,73.6 km,2 hours 15 mins,79.5 km,14 hours 33 mins,70.5 km
RH1 4DX,1 hour 2 mins,74.0 km,2 hours 20 mins,79.9 km,14 hours 39 mins,70.9 km
RH1 4DY,1 hour 3 mins,74.2 km,2 hours 22 mins,80.0 km,14 hours 41 mins,71.1 km
RH1 4EA,1 hour 2 mins,73.7 km,2 hours 16 mins,79.5 km,14 hours 35 mins,70.6 km
RH1 4EB,1 hour 3 mins,73.8 km,2 hours 18 mins,79.7 km,14 hours 37 mins,70.7 km
RH1 4ED,1 hour 1 min,73.7 km,2 hours 12 mins,79.4 km,14 hours 35 mins,70.8 km
RH1 4EE,1 hour 1 min,73.9 km,2 hours 15 mins,79.7 km,14 hours 38 mins,71.0 km
RH1 4EF,1 hour 2 mins,74.5 km,1 hour 52 mins,80.7 km,14 hours 49 mins,71.7 km
RH1 4EG,1 hour 3 mins,75.0 km,1 hour 55 mins,83.0 km,14 hours 52 mins,71.9 km
RH1 4EH,1 hour 4 mins,75.3 km,1 hour 54 mins,82.9 km,14 hours 56 mins,72.2 km
RH1 4EJ,1 hour 4 mins,75.7 km,1 hour 57 mins,81.9 km,14 hours 55 mins,72.2 km
RH1 4EL,1 hour 3 mins,74.5 km,1 hour 50 mins,80.6 km,14 hours 44 mins,71.5 km
RH1 4EN,1 hour 3 mins,76.4 km,1 hour 56 mins,82.2 km,14 hours 51 mins,72.3 km
RH1 4EP,1 hour 2 mins,74.4 km,1 hour 49 mins,80.5 km,14 hours 44 mins,71.5 km
RH1 4EQ,1 hour 1 min,75.1 km,1 hour 56 mins,81.5 km,14 hours 37 mins,71.0 km
RH1 4ES,1 hour 3 mins,75.5 km,2 hours 1 min,81.9 km,14 hours 42 mins,71.4 km
RH1 4ET,1 hour 0 mins,74.8 km,1 hour 53 mins,81.2 km,14 hours 34 mins,70.7 km
RH1 4EU,1 hour 2 mins,75.6 km,2 hours 1 min,82.0 km,14 hours 43 mins,71.5 km
RH1 4EW,1 hour 5 mins,75.2 km,1 hour 53 mins,81.6 km,14 hours 54 mins,72.3 km
RH1 4EZ,1 hour 4 mins,82.1 km,2 hours 0 mins,84.7 km,15 hours 31 mins,75.5 km
RH1 4FB,1 hour 3 mins,75.4 km,1 hour 50 mins,81.8 km,14 hours 56 mins,72.5 km
RH1 4FE,1 hour 5 mins,75.7 km,1 hour 54 mins,82.1 km,14 hours 59 mins,72.9 km
RH1 4FU,1 hour 3 mins,82.0 km,2 hours 0 mins,84.6 km,15 hours 31 mins,75.5 km
RH1 4GA,1 hour 2 mins,81.8 km,1 hour 53 mins,83.7 km,15 hours 19 mins,74.5 km
RH1 4GB,1 hour 1 min,74.0 km,2 hours 21 mins,80.3 km,14 hours 39 mins,71.1 km
RH1 4GD,1 hour 5 mins,83.2 km,2 hours 12 mins,85.0 km,15 hours 37 mins,75.8 km
RH1 4GW,1 hour 3 mins,82.4 km,1 hour 53 mins,83.2 km,15 hours 11 mins,73.9 km
RH1 4HA,1 hour 2 mins,74.6 km,2 hours 22 mins,80.6 km,14 hours 46 mins,71.7 km
RH1 4HB,1 hour 2 mins,74.7 km,1 hour 50 mins,80.9 km,14 hours 48 mins,71.9 km
RH1 4HD,1 hour 4 mins,75.1 km,1 hour 52 mins,81.5 km,14 hours 52 mins,72.2 km
RH1 4HE,1 hour 2 mins,75.1 km,2 hours 23 mins,81.3 km,14 hours 52 mins,72.2 km
RH1 4HG,1 hour 4 mins,75.2 km,1 hour 51 mins,81.4 km,14 hours 54 mins,72.3 km
RH1 4HJ,1 hour 4 mins,75.4 km,1 hour 49 mins,81.5 km,14 hours 55 mins,72.5 km
RH1 4HL,1 hour 6 mins,76.5 km,2 hours 4 mins,82.8 km,15 hours 10 mins,73.6 km
RH1 4HN,1 hour 3 mins,83.3 km,1 hour 53 mins,82.0 km,14 hours 58 mins,72.8 km
RH1 4HP,1 hour 5 mins,83.7 km,1 hour 59 mins,83.0 km,15 hours 6 mins,73.4 km
RH1 4HR,1 hour 5 mins,76.2 km,1 hour 54 mins,82.7 km,15 hours 1 min,73.1 km
RH1 4HS,1 hour 2 mins,76.6 km,1 hour 50 mins,81.8 km,14 hours 56 mins,72.6 km
